entry_variant,signal_i,signal_time,entry_i,entry_time,direction,context,context_ok,late_entry_block,late_reason,chop_block,chop_reason,blocked,block_reason,distance_to_ema27_atr,move5_atr,scope,executed,skip_reason
ENTRY_A,305,2023-08-20 20:00:00,306,2023-08-21 00:00:00,SHORT,SHORT_CONTEXT,True,True,IMPULSE_BAR,False,,True,LATE_ENTRY_BLOCK,0.007750478401475004,-0.9551166965888769,DEVELOPMENT,False,LATE_ENTRY_BLOCK
ENTRY_A,307,2023-08-21 04:00:00,308,2023-08-21 08:00:00,SHORT,SHORT_CONTEXT,True,True,IMPULSE_BAR,True,DIRECTION_CHANGES_LAST10,True,LATE_ENTRY_BLOCK|CHOP_BLOCK,0.6879127598721625,0.13539651837524214,DEVELOPMENT,False,LATE_ENTRY_BLOCK|CHOP_BLOCK
ENTRY_A,346,2023-08-27 16:00:00,347,2023-08-27 20:00:00,SHORT,SHORT_CONTEXT,True,True,IMPULSE_BAR,False,,True,LATE_ENTRY_BLOCK,0.06826686444991752,-0.6000000000000019,DEVELOPMENT,False,LATE_ENTRY_BLOCK
ENTRY_A,348,2023-08-28 00:00:00,349,2023-08-28 04:00:00,SHORT,SHORT_CONTEXT,True,True,IMPULSE_BAR,False,,True,LATE_ENTRY_BLOCK,0.7718537697303202,1.0944625407166222,DEVELOPMENT,False,LATE_ENTRY_BLOCK
ENTRY_A,369,2023-08-31 12:00:00,370,2023-08-31 16:00:00,SHORT,SHORT_CONTEXT,True,True,IMPULSE_BAR,True,PRICE_EMA27_CROSSES_LAST10,True,LATE_ENTRY_BLOCK|CHOP_BLOCK,1.0742404604585603,0.9462068965517149,DEVELOPMENT,False,LATE_ENTRY_BLOCK|CHOP_BLOCK
ENTRY_A,400,2023-09-05 16:00:00,401,2023-09-05 20:00:00,SHORT,SHORT_CONTEXT,True,True,IMPULSE_BAR,False,,True,LATE_ENTRY_BLOCK,0.1087910221855556,-0.20437956204379382,DEVELOPMENT,False,LATE_ENTRY_BLOCK
ENTRY_A,403,2023-09-06 04:00:00,404,2023-09-06 08:00:00,SHORT,SHORT_CONTEXT,True,True,IMPULSE_BAR,False,,True,LATE_ENTRY_BLOCK,0.44343693095974007,0.4803921568627532,DEVELOPMENT,False,LATE_ENTRY_BLOCK
ENTRY_A,416,2023-09-08 08:00:00,417,2023-09-08 12:00:00,SHORT,SHORT_CONTEXT,True,True,IMPULSE_BAR,False,,True,LATE_ENTRY_BLOCK,0.8870003131682308,0.37500000000001116,DEVELOPMENT,False,LATE_ENTRY_BLOCK
ENTRY_A,529,2023-09-27 04:00:00,530,2023-09-27 08:00:00,SHORT,SHORT_CONTEXT,True,True,IMPULSE_BAR,False,,True,LATE_ENTRY_BLOCK,0.40494465771392474,0.3949843260188017,DEVELOPMENT,False,LATE_ENTRY_BLOCK
ENTRY_A,531,2023-09-27 12:00:00,532,2023-09-27 16:00:00,SHORT,SHORT_CONTEXT,True,True,IMPULSE_BAR,True,PRICE_EMA27_CROSSES_LAST10,True,LATE_ENTRY_BLOCK|CHOP_BLOCK,0.6261119399919302,0.20348837209302334,DEVELOPMENT,False,LATE_ENTRY_BLOCK|CHOP_BLOCK
ENTRY_A,575,2023-10-04 20:00:00,576,2023-10-05 00:00:00,LONG,LONG_CONTEXT,True,True,IMPULSE_BAR,True,DIRECTION_CHANGES_LAST10,True,LATE_ENTRY_BLOCK|CHOP_BLOCK,0.23002560455362273,0.6739130434782583,DEVELOPMENT,False,LATE_ENTRY_BLOCK|CHOP_BLOCK
ENTRY_A,638,2023-10-15 08:00:00,639,2023-10-15 12:00:00,SHORT,SHORT_CONTEXT,True,True,IMPULSE_BAR,True,DIRECTION_CHANGES_LAST10,True,LATE_ENTRY_BLOCK|CHOP_BLOCK,0.5071557030865365,0.496062992125977,DEVELOPMENT,False,LATE_ENTRY_BLOCK|CHOP_BLOCK
ENTRY_A,983,2023-12-11 20:00:00,984,2023-12-12 00:00:00,LONG,LONG_CONTEXT,True,True,IMPULSE_BAR,False,,True,LATE_ENTRY_BLOCK,0.2566411977528151,-0.25169273873453335,DEVELOPMENT,False,LATE_ENTRY_BLOCK
ENTRY_A,1008,2023-12-16 00:00:00,1009,2023-12-16 04:00:00,LONG,LONG_CONTEXT,True,True,IMPULSE_BAR,True,DIRECTION_CHANGES_LAST10,True,LATE_ENTRY_BLOCK|CHOP_BLOCK,0.23295102078654273,-0.5337243401759522,DEVELOPMENT,False,LATE_ENTRY_BLOCK|CHOP_BLOCK
ENTRY_A,1055,2023-12-23 20:00:00,1056,2023-12-24 00:00:00,LONG,LONG_CONTEXT,True,True,IMPULSE_BAR,True,DIRECTION_CHANGES_LAST10,True,LATE_ENTRY_BLOCK|CHOP_BLOCK,0.4143468008485258,0.7513314215485464,DEVELOPMENT,False,LATE_ENTRY_BLOCK|CHOP_BLOCK
ENTRY_A,1065,2023-12-25 12:00:00,1066,2023-12-25 16:00:00,LONG,LONG_CONTEXT,True,True,IMPULSE_BAR,True,DIRECTION_CHANGES_LAST10,True,LATE_ENTRY_BLOCK|CHOP_BLOCK,0.5694963741479506,-0.03642671292281282,DEVELOPMENT,False,LATE_ENTRY_BLOCK|CHOP_BLOCK
ENTRY_A,1070,2023-12-26 08:00:00,1071,2023-12-26 12:00:00,LONG,LONG_CONTEXT,True,True,IMPULSE_BAR,True,DIRECTION_CHANGES_LAST10,True,LATE_ENTRY_BLOCK|CHOP_BLOCK,0.2081545839280782,-0.1609195402298851,DEVELOPMENT,False,LATE_ENTRY_BLOCK|CHOP_BLOCK
ENTRY_A,1073,2023-12-26 20:00:00,1074,2023-12-27 00:00:00,LONG,LONG_CONTEXT,True,True,IMPULSE_BAR,True,PRICE_EMA27_CROSSES_LAST10,True,LATE_ENTRY_BLOCK|CHOP_BLOCK,0.004594039632450566,-0.4703925482368592,DEVELOPMENT,False,LATE_ENTRY_BLOCK|CHOP_BLOCK
ENTRY_A,1227,2024-01-21 12:00:00,1228,2024-01-21 16:00:00,SHORT,SHORT_CONTEXT,True,True,IMPULSE_BAR,False,,True,LATE_ENTRY_BLOCK,0.1717088399302129,-0.3190883190883176,DEVELOPMENT,False,LATE_ENTRY_BLOCK
ENTRY_A,1261,2024-01-27 04:00:00,1262,2024-01-27 08:00:00,SHORT,SHORT_CONTEXT,True,True,IMPULSE_BAR,True,DIRECTION_CHANGES_LAST10,True,LATE_ENTRY_BLOCK|CHOP_BLOCK,0.0903328232687605,0.3689604685212291,DEVELOPMENT,False,LATE_ENTRY_BLOCK|CHOP_BLOCK
ENTRY_A,1325,2024-02-06 20:00:00,1326,2024-02-07 00:00:00,SHORT,SHORT_CONTEXT,True,True,IMPULSE_BAR,False,,True,LATE_ENTRY_BLOCK,0.36402701124537434,-0.5055555555555503,DEVELOPMENT,False,LATE_ENTRY_BLOCK
ENTRY_A,1408,2024-02-20 16:00:00,1409,2024-02-20 20:00:00,LONG,LONG_CONTEXT,True,True,IMPULSE_BAR,True,DIRECTION_CHANGES_LAST10,True,LATE_ENTRY_BLOCK|CHOP_BLOCK,0.3216101369886255,-0.761175996778095,DEVELOPMENT,False,LATE_ENTRY_BLOCK|CHOP_BLOCK
ENTRY_A,1495,2024-03-06 04:00:00,1496,2024-03-06 08:00:00,LONG,LONG_CONTEXT,True,True,IMPULSE_BAR,True,DIRECTION_CHANGES_LAST10,True,LATE_ENTRY_BLOCK|CHOP_BLOCK,0.297054994732405,-0.6105293358198246,DEVELOPMENT,False,LATE_ENTRY_BLOCK|CHOP_BLOCK
ENTRY_A,1650,2024-04-01 00:00:00,1651,2024-04-01 04:00:00,SHORT,SHORT_CONTEXT,True,True,IMPULSE_BAR,True,PRICE_EMA27_CROSSES_LAST10,True,LATE_ENTRY_BLOCK|CHOP_BLOCK,0.45076578900882935,0.5820105820105758,DEVELOPMENT,False,LATE_ENTRY_BLOCK|CHOP_BLOCK
ENTRY_A,1690,2024-04-07 16:00:00,1691,2024-04-07 20:00:00,SHORT,SHORT_CONTEXT,True,True,IMPULSE_BAR,False,,True,LATE_ENTRY_BLOCK,0.3576848716209753,-0.03494176372711765,DEVELOPMENT,False,LATE_ENTRY_BLOCK
ENTRY_A,1692,2024-04-08 00:00:00,1693,2024-04-08 04:00:00,SHORT,SHORT_CONTEXT,True,True,IMPULSE_BAR,True,DIRECTION_CHANGES_LAST10,True,LATE_ENTRY_BLOCK|CHOP_BLOCK,0.6053857386830631,0.9947368421052657,DEVELOPMENT,False,LATE_ENTRY_BLOCK|CHOP_BLOCK
ENTRY_A,1712,2024-04-11 08:00:00,1713,2024-04-11 12:00:00,SHORT,SHORT_CONTEXT,True,True,IMPULSE_BAR,False,,True,LATE_ENTRY_BLOCK,0.5899011370454799,-0.5973154362416042,DEVELOPMENT,False,LATE_ENTRY_BLOCK
ENTRY_A,1717,2024-04-12 04:00:00,1718,2024-04-12 08:00:00,SHORT,SHORT_CONTEXT,True,True,IMPULSE_BAR,False,,True,LATE_ENTRY_BLOCK,0.5800357593998661,-0.0,DEVELOPMENT,False,LATE_ENTRY_BLOCK
ENTRY_A,1814,2024-04-28 08:00:00,1815,2024-04-28 12:00:00,SHORT,SHORT_CONTEXT,True,True,IMPULSE_BAR,False,,True,LATE_ENTRY_BLOCK,0.47535087365731726,-1.0738351254480332,DEVELOPMENT,False,LATE_ENTRY_BLOCK
ENTRY_A,1877,2024-05-08 20:00:00,1878,2024-05-09 00:00:00,SHORT,SHORT_CONTEXT,True,True,IMPULSE_BAR,True,DIRECTION_CHANGES_LAST10,True,LATE_ENTRY_BLOCK|CHOP_BLOCK,0.18180100223593576,-0.7179487179487165,DEVELOPMENT,False,LATE_ENTRY_BLOCK|CHOP_BLOCK
ENTRY_A,1879,2024-05-09 04:00:00,1880,2024-05-09 08:00:00,SHORT,SHORT_CONTEXT,True,True,IMPULSE_BAR,True,DIRECTION_CHANGES_LAST10,True,LATE_ENTRY_BLOCK|CHOP_BLOCK,0.07634903135843062,-1.257216164207825,DEVELOPMENT,False,LATE_ENTRY_BLOCK|CHOP_BLOCK
ENTRY_A,1905,2024-05-13 12:00:00,1906,2024-05-13 16:00:00,SHORT,SHORT_CONTEXT,True,True,IMPULSE_BAR,True,DIRECTION_CHANGES_LAST10,True,LATE_ENTRY_BLOCK|CHOP_BLOCK,0.11799348305328894,-0.8774928774928749,DEVELOPMENT,False,LATE_ENTRY_BLOCK|CHOP_BLOCK
ENTRY_A,1990,2024-05-27 16:00:00,1991,2024-05-27 20:00:00,SHORT,SHORT_CONTEXT,True,True,IMPULSE_BAR,True,DIRECTION_CHANGES_LAST10,True,LATE_ENTRY_BLOCK|CHOP_BLOCK,0.09690038805150486,-1.0562874251496943,DEVELOPMENT,False,LATE_ENTRY_BLOCK|CHOP_BLOCK
ENTRY_A,1992,2024-05-28 00:00:00,1993,2024-05-28 04:00:00,SHORT,SHORT_CONTEXT,True,True,IMPULSE_BAR,True,DIRECTION_CHANGES_LAST10,True,LATE_ENTRY_BLOCK|CHOP_BLOCK,0.6165199711736782,-0.30075187969924816,DEVELOPMENT,False,LATE_ENTRY_BLOCK|CHOP_BLOCK
ENTRY_A,2025,2024-06-02 12:00:00,2026,2024-06-02 16:00:00,SHORT,SHORT_CONTEXT,True,True,IMPULSE_BAR,False,,True,LATE_ENTRY_BLOCK,0.2265331091510611,-0.3038397328881391,DEVELOPMENT,False,LATE_ENTRY_BLOCK
ENTRY_A,2074,2024-06-10 16:00:00,2075,2024-06-10 20:00:00,SHORT,SHORT_CONTEXT,True,True,IMPULSE_BAR,True,DIRECTION_CHANGES_LAST10,True,LATE_ENTRY_BLOCK|CHOP_BLOCK,0.831812446347706,0.49895178197064394,DEVELOPMENT,False,LATE_ENTRY_BLOCK|CHOP_BLOCK
ENTRY_A,2086,2024-06-12 16:00:00,2087,2024-06-12 20:00:00,SHORT,SHORT_CONTEXT,True,True,IMPULSE_BAR,True,DIRECTION_CHANGES_LAST10,True,LATE_ENTRY_BLOCK|CHOP_BLOCK,0.316761420721373,-1.1972993248312034,DEVELOPMENT,False,LATE_ENTRY_BLOCK|CHOP_BLOCK
ENTRY_A,2088,2024-06-13 00:00:00,2089,2024-06-13 04:00:00,SHORT,SHORT_CONTEXT,True,True,IMPULSE_BAR,True,DIRECTION_CHANGES_LAST10,True,LATE_ENTRY_BLOCK|CHOP_BLOCK,0.49173387580462163,-0.5368731563421809,DEVELOPMENT,False,LATE_ENTRY_BLOCK|CHOP_BLOCK
ENTRY_T1,222,2023-08-07 00:00:00,223,2023-08-07 04:00:00,SHORT,SHORT_CONTEXT,True,True,IMPULSE_BAR,True,DIRECTION_CHANGES_LAST10,True,LATE_ENTRY_BLOCK|CHOP_BLOCK,0.3734181893159723,-0.0,DEVELOPMENT,False,LATE_ENTRY_BLOCK|CHOP_BLOCK
ENTRY_T1,227,2023-08-07 20:00:00,228,2023-08-08 00:00:00,SHORT,SHORT_CONTEXT,True,True,IMPULSE_BAR,True,DIRECTION_CHANGES_LAST10,True,LATE_ENTRY_BLOCK|CHOP_BLOCK,0.863464249739611,0.9423076923076954,DEVELOPMENT,False,LATE_ENTRY_BLOCK|CHOP_BLOCK
ENTRY_T1,230,2023-08-08 08:00:00,231,2023-08-08 12:00:00,SHORT,SHORT_CONTEXT,True,True,IMPULSE_BAR,True,DIRECTION_CHANGES_LAST10,True,LATE_ENTRY_BLOCK|CHOP_BLOCK,0.04688842469183362,-1.1052631578947314,DEVELOPMENT,False,LATE_ENTRY_BLOCK|CHOP_BLOCK
ENTRY_T1,253,2023-08-12 04:00:00,254,2023-08-12 08:00:00,SHORT,SHORT_CONTEXT,True,True,IMPULSE_BAR,False,,True,LATE_ENTRY_BLOCK,0.7360635122018755,1.1254019292604487,DEVELOPMENT,False,LATE_ENTRY_BLOCK
ENTRY_T1,267,2023-08-14 12:00:00,268,2023-08-14 16:00:00,SHORT,SHORT_CONTEXT,True,True,IMPULSE_BAR,True,DIRECTION_CHANGES_LAST10,True,LATE_ENTRY_BLOCK|CHOP_BLOCK,0.5868494069631707,0.7190332326283897,DEVELOPMENT,False,LATE_ENTRY_BLOCK|CHOP_BLOCK
ENTRY_T1,328,2023-08-24 16:00:00,329,2023-08-24 20:00:00,SHORT,SHORT_CONTEXT,True,True,IMPULSE_BAR,True,EMA_SLOPES_DIFFER,True,LATE_ENTRY_BLOCK|CHOP_BLOCK,0.022613609032691565,0.7472527472527499,DEVELOPMENT,False,LATE_ENTRY_BLOCK|CHOP_BLOCK
ENTRY_T1,356,2023-08-29 08:00:00,357,2023-08-29 12:00:00,SHORT,SHORT_CONTEXT,True,True,THREE_BAR_EXTENSION,True,EMA_SLOPES_DIFFER,True,LATE_ENTRY_BLOCK|CHOP_BLOCK,0.6190658404062259,1.4537246049661587,DEVELOPMENT,False,LATE_ENTRY_BLOCK|CHOP_BLOCK
ENTRY_T1,362,2023-08-30 08:00:00,363,2023-08-30 12:00:00,SHORT,SHORT_CONTEXT,True,True,THREE_BAR_EXTENSION,True,EMA_SLOPES_DIFFER,True,LATE_ENTRY_BLOCK|CHOP_BLOCK,0.1539412874649441,1.8002735978112228,DEVELOPMENT,False,LATE_ENTRY_BLOCK|CHOP_BLOCK
ENTRY_T1,363,2023-08-30 12:00:00,364,2023-08-30 16:00:00,SHORT,SHORT_CONTEXT,True,True,MOVE5_GT_2ATR,True,EMA_SLOPES_DIFFER,True,LATE_ENTRY_BLOCK|CHOP_BLOCK,0.41444714425723256,2.3952254641909865,DEVELOPMENT,False,LATE_ENTRY_BLOCK|CHOP_BLOCK
ENTRY_T1,374,2023-09-01 08:00:00,375,2023-09-01 12:00:00,SHORT,SHORT_CONTEXT,True,True,IMPULSE_BAR,True,DIRECTION_CHANGES_LAST10,True,LATE_ENTRY_BLOCK|CHOP_BLOCK,0.9975077547431528,0.2329020332717216,DEVELOPMENT,False,LATE_ENTRY_BLOCK|CHOP_BLOCK
ENTRY_T1,438,2023-09-12 00:00:00,439,2023-09-12 04:00:00,SHORT,SHORT_CONTEXT,True,True,IMPULSE_BAR,False,,True,LATE_ENTRY_BLOCK,0.495536113021066,-0.10339734121122615,DEVELOPMENT,False,LATE_ENTRY_BLOCK
ENTRY_T1,440,2023-09-12 08:00:00,441,2023-09-12 12:00:00,SHORT,SHORT_CONTEXT,True,True,IMPULSE_BAR,False,,True,LATE_ENTRY_BLOCK,0.07646759349697439,-1.1432396251673356,DEVELOPMENT,False,LATE_ENTRY_BLOCK
ENTRY_T1,459,2023-09-15 12:00:00,460,2023-09-15 16:00:00,SHORT,SHORT_CONTEXT,True,True,THREE_BAR_EXTENSION,True,EMA_SLOPES_DIFFER,True,LATE_ENTRY_BLOCK|CHOP_BLOCK,0.3127753642086104,1.1398747390396702,DEVELOPMENT,False,LATE_ENTRY_BLOCK|CHOP_BLOCK
ENTRY_T1,535,2023-09-28 04:00:00,536,2023-09-28 08:00:00,SHORT,SHORT_CONTEXT,True,True,IMPULSE_BAR,True,DIRECTION_CHANGES_LAST10,True,LATE_ENTRY_BLOCK|CHOP_BLOCK,0.1394044235012573,1.0355029585798834,DEVELOPMENT,False,LATE_ENTRY_BLOCK|CHOP_BLOCK
ENTRY_T1,581,2023-10-05 20:00:00,582,2023-10-06 00:00:00,LONG,LONG_CONTEXT,True,True,IMPULSE_BAR,True,DIRECTION_CHANGES_LAST10,True,LATE_ENTRY_BLOCK|CHOP_BLOCK,0.33342540815144506,0.5167785234899414,DEVELOPMENT,False,LATE_ENTRY_BLOCK|CHOP_BLOCK
ENTRY_T1,632,2023-10-14 08:00:00,633,2023-10-14 12:00:00,SHORT,SHORT_CONTEXT,True,True,IMPULSE_BAR,True,DIRECTION_CHANGES_LAST10,True,LATE_ENTRY_BLOCK|CHOP_BLOCK,0.5466445674347086,0.0835820895522412,DEVELOPMENT,False,LATE_ENTRY_BLOCK|CHOP_BLOCK
ENTRY_T1,633,2023-10-14 12:00:00,634,2023-10-14 16:00:00,SHORT,SHORT_CONTEXT,True,True,IMPULSE_BAR,True,DIRECTION_CHANGES_LAST10,True,LATE_ENTRY_BLOCK|CHOP_BLOCK,0.08170847889042154,-0.676737160120842,DEVELOPMENT,False,LATE_ENTRY_BLOCK|CHOP_BLOCK
ENTRY_T1,663,2023-10-19 12:00:00,664,2023-10-19 16:00:00,SHORT,SHORT_CONTEXT,True,True,IMPULSE_BAR,False,,True,LATE_ENTRY_BLOCK,0.3114686306627473,-0.3938618925831271,DEVELOPMENT,False,LATE_ENTRY_BLOCK
ENTRY_T1,747,2023-11-02 12:00:00,748,2023-11-02 16:00:00,LONG,LONG_CONTEXT,True,True,IMPULSE_BAR,False,,True,LATE_ENTRY_BLOCK,0.3546289245999428,-0.12048192771084346,DEVELOPMENT,False,LATE_ENTRY_BLOCK
ENTRY_T1,790,2023-11-09 16:00:00,791,2023-11-09 20:00:00,LONG,LONG_CONTEXT,True,True,IMPULSE_BAR,False,,True,LATE_ENTRY_BLOCK,0.7790807169699462,0.3571428571428575,DEVELOPMENT,False,LATE_ENTRY_BLOCK
ENTRY_T1,795,2023-11-10 12:00:00,796,2023-11-10 16:00:00,LONG,LONG_CONTEXT,True,True,IMPULSE_BAR,False,,True,LATE_ENTRY_BLOCK,0.6818854999949986,0.4518828451882858,DEVELOPMENT,False,LATE_ENTRY_BLOCK
ENTRY_T1,798,2023-11-11 00:00:00,799,2023-11-11 04:00:00,LONG,LONG_CONTEXT,True,True,IMPULSE_BAR,False,,True,LATE_ENTRY_BLOCK,0.8197373574153977,-0.1017125064867679,DEVELOPMENT,False,LATE_ENTRY_BLOCK
ENTRY_T1,831,2023-11-16 12:00:00,832,2023-11-16 16:00:00,LONG,LONG_CONTEXT,True,True,IMPULSE_BAR,False,,True,LATE_ENTRY_BLOCK,0.6866157425594668,0.5237840726884024,DEVELOPMENT,False,LATE_ENTRY_BLOCK
ENTRY_T1,845,2023-11-18 20:00:00,846,2023-11-19 00:00:00,LONG,LONG_CONTEXT,True,True,THREE_BAR_EXTENSION,True,EMA_SLOPES_DIFFER,True,LATE_ENTRY_BLOCK|CHOP_BLOCK,0.6735369272121206,1.4830508474576283,DEVELOPMENT,False,LATE_ENTRY_BLOCK|CHOP_BLOCK
ENTRY_T1,873,2023-11-23 12:00:00,874,2023-11-23 16:00:00,LONG,LONG_CONTEXT,True,True,IMPULSE_BAR,True,DIRECTION_CHANGES_LAST10,True,LATE_ENTRY_BLOCK|CHOP_BLOCK,0.14086974184184445,-0.019485038274180185,DEVELOPMENT,False,LATE_ENTRY_BLOCK|CHOP_BLOCK
ENTRY_T1,880,2023-11-24 16:00:00,881,2023-11-24 20:00:00,LONG,LONG_CONTEXT,True,True,IMPULSE_BAR,True,DIRECTION_CHANGES_LAST10,True,LATE_ENTRY_BLOCK|CHOP_BLOCK,0.5713028566017084,-0.149200710479578,DEVELOPMENT,False,LATE_ENTRY_BLOCK|CHOP_BLOCK
ENTRY_T1,939,2023-12-04 12:00:00,940,2023-12-04 16:00:00,LONG,LONG_CONTEXT,True,True,IMPULSE_BAR,False,,True,LATE_ENTRY_BLOCK,0.7009134514204093,0.8986486486486477,DEVELOPMENT,False,LATE_ENTRY_BLOCK
ENTRY_T1,978,2023-12-11 00:00:00,979,2023-12-11 04:00:00,LONG,LONG_CONTEXT,True,True,IMPULSE_BAR,False,,True,LATE_ENTRY_BLOCK,0.4895641653175192,-0.8976537216828466,DEVELOPMENT,False,LATE_ENTRY_BLOCK
ENTRY_T1,981,2023-12-11 12:00:00,982,2023-12-11 16:00:00,LONG,LONG_CONTEXT,True,True,IMPULSE_BAR,False,,True,LATE_ENTRY_BLOCK,0.07517425942116383,-1.6896551724137923,DEVELOPMENT,False,LATE_ENTRY_BLOCK
ENTRY_T1,1026,2023-12-19 00:00:00,1027,2023-12-19 04:00:00,LONG,LONG_CONTEXT,True,True,MOVE5_GT_2ATR,True,EMA_SLOPES_DIFFER,True,LATE_ENTRY_BLOCK|CHOP_BLOCK,0.7274967412399826,2.0894774516821717,DEVELOPMENT,False,LATE_ENTRY_BLOCK|CHOP_BLOCK
ENTRY_T1,1027,2023-12-19 04:00:00,1028,2023-12-19 08:00:00,LONG,LONG_CONTEXT,True,True,MOVE5_GT_2ATR,True,EMA_SLOPES_DIFFER,True,LATE_ENTRY_BLOCK|CHOP_BLOCK,0.5881598594485717,2.4488615829418117,DEVELOPMENT,False,LATE_ENTRY_BLOCK|CHOP_BLOCK
ENTRY_T1,1041,2023-12-21 12:00:00,1042,2023-12-21 16:00:00,LONG,LONG_CONTEXT,True,True,IMPULSE_BAR,True,DIRECTION_CHANGES_LAST10,True,LATE_ENTRY_BLOCK|CHOP_BLOCK,0.1813801224606581,0.17080353386621872,DEVELOPMENT,False,LATE_ENTRY_BLOCK|CHOP_BLOCK
ENTRY_T1,1045,2023-12-22 04:00:00,1046,2023-12-22 08:00:00,LONG,LONG_CONTEXT,True,True,IMPULSE_BAR,False,,True,LATE_ENTRY_BLOCK,0.65675238088065,0.23695345557122852,DEVELOPMENT,False,LATE_ENTRY_BLOCK
ENTRY_T1,1057,2023-12-24 04:00:00,1058,2023-12-24 08:00:00,LONG,LONG_CONTEXT,True,True,IMPULSE_BAR,True,DIRECTION_CHANGES_LAST10,True,LATE_ENTRY_BLOCK|CHOP_BLOCK,0.44123842118152745,0.6320675105485264,DEVELOPMENT,False,LATE_ENTRY_BLOCK|CHOP_BLOCK
ENTRY_T1,1068,2023-12-26 00:00:00,1069,2023-12-26 04:00:00,LONG,LONG_CONTEXT,True,True,IMPULSE_BAR,True,DIRECTION_CHANGES_LAST10,True,LATE_ENTRY_BLOCK|CHOP_BLOCK,0.4592887840715711,0.8958252048380849,DEVELOPMENT,False,LATE_ENTRY_BLOCK|CHOP_BLOCK
ENTRY_T1,1113,2024-01-02 12:00:00,1114,2024-01-02 16:00:00,LONG,LONG_CONTEXT,True,True,IMPULSE_BAR,False,,True,LATE_ENTRY_BLOCK,0.09775939138843505,-0.41481481481482174,DEVELOPMENT,False,LATE_ENTRY_BLOCK
ENTRY_T1,1162,2024-01-10 16:00:00,1163,2024-01-10 20:00:00,SHORT,SHORT_CONTEXT,True,True,IMPULSE_BAR,True,DIRECTION_CHANGES_LAST10,True,LATE_ENTRY_BLOCK|CHOP_BLOCK,0.1424068614338766,-0.3194912083800971,DEVELOPMENT,False,LATE_ENTRY_BLOCK|CHOP_BLOCK
ENTRY_T1,1219,2024-01-20 04:00:00,1220,2024-01-20 08:00:00,SHORT,SHORT_CONTEXT,True,True,IMPULSE_BAR,True,DIRECTION_CHANGES_LAST10,True,LATE_ENTRY_BLOCK|CHOP_BLOCK,0.12473679613557397,-1.0298507462686606,DEVELOPMENT,False,LATE_ENTRY_BLOCK|CHOP_BLOCK
ENTRY_T1,1294,2024-02-01 16:00:00,1295,2024-02-01 20:00:00,SHORT,SHORT_CONTEXT,True,True,IMPULSE_BAR,False,,True,LATE_ENTRY_BLOCK,0.11258703704370136,-0.1815107102592986,DEVELOPMENT,False,LATE_ENTRY_BLOCK
ENTRY_T1,1323,2024-02-06 12:00:00,1324,2024-02-06 16:00:00,SHORT,SHORT_CONTEXT,True,True,IMPULSE_BAR,False,,True,LATE_ENTRY_BLOCK,0.5665596766342389,-0.4190832553788637,DEVELOPMENT,False,LATE_ENTRY_BLOCK
ENTRY_T1,1330,2024-02-07 16:00:00,1331,2024-02-07 20:00:00,SHORT,SHORT_CONTEXT,True,True,IMPULSE_BAR,False,,True,LATE_ENTRY_BLOCK,0.507454119779713,0.7714748784440805,DEVELOPMENT,False,LATE_ENTRY_BLOCK
ENTRY_T1,1362,2024-02-13 00:00:00,1363,2024-02-13 04:00:00,LONG,LONG_CONTEXT,True,True,IMPULSE_BAR,True,DIRECTION_CHANGES_LAST10,True,LATE_ENTRY_BLOCK|CHOP_BLOCK,0.7730899079608816,1.0500000000000056,DEVELOPMENT,False,LATE_ENTRY_BLOCK|CHOP_BLOCK
ENTRY_T1,1364,2024-02-13 08:00:00,1365,2024-02-13 12:00:00,LONG,LONG_CONTEXT,True,True,IMPULSE_BAR,True,DIRECTION_CHANGES_LAST10,True,LATE_ENTRY_BLOCK|CHOP_BLOCK,0.9593037833923472,-0.16499705362404252,DEVELOPMENT,False,LATE_ENTRY_BLOCK|CHOP_BLOCK
ENTRY_T1,1449,2024-02-27 12:00:00,1450,2024-02-27 16:00:00,LONG,LONG_CONTEXT,True,True,IMPULSE_BAR,False,,True,LATE_ENTRY_BLOCK,0.943553975274174,-0.38738240177089067,DEVELOPMENT,False,LATE_ENTRY_BLOCK
ENTRY_T1,1456,2024-02-28 16:00:00,1457,2024-02-28 20:00:00,LONG,LONG_CONTEXT,True,True,IMPULSE_BAR,True,DIRECTION_CHANGES_LAST10,True,LATE_ENTRY_BLOCK|CHOP_BLOCK,0.32929472214518046,-0.28231404958677664,DEVELOPMENT,False,LATE_ENTRY_BLOCK|CHOP_BLOCK
ENTRY_T1,1463,2024-02-29 20:00:00,1464,2024-03-01 00:00:00,LONG,LONG_CONTEXT,True,True,IMPULSE_BAR,False,,True,LATE_ENTRY_BLOCK,0.6715199935693125,0.3853211009174327,DEVELOPMENT,False,LATE_ENTRY_BLOCK
ENTRY_T1,1477,2024-03-03 04:00:00,1478,2024-03-03 08:00:00,LONG,LONG_CONTEXT,True,True,IMPULSE_BAR,False,,True,LATE_ENTRY_BLOCK,0.7715053093304971,-0.7871198568872991,DEVELOPMENT,False,LATE_ENTRY_BLOCK
ENTRY_T1,1530,2024-03-12 00:00:00,1531,2024-03-12 04:00:00,LONG,LONG_CONTEXT,True,True,IMPULSE_BAR,False,,True,LATE_ENTRY_BLOCK,0.9547097733964507,1.162544169611311,DEVELOPMENT,False,LATE_ENTRY_BLOCK
ENTRY_T1,1539,2024-03-13 12:00:00,1540,2024-03-13 16:00:00,LONG,LONG_CONTEXT,True,True,IMPULSE_BAR,False,,True,LATE_ENTRY_BLOCK,0.05135733930700462,-0.04423380726698265,DEVELOPMENT,False,LATE_ENTRY_BLOCK
ENTRY_T1,1597,2024-03-23 04:00:00,1598,2024-03-23 08:00:00,SHORT,SHORT_CONTEXT,True,True,IMPULSE_BAR,False,,True,LATE_ENTRY_BLOCK,0.3195569572682747,-0.5514612452350682,DEVELOPMENT,False,LATE_ENTRY_BLOCK
ENTRY_T1,1703,2024-04-09 20:00:00,1704,2024-04-10 00:00:00,SHORT,SHORT_CONTEXT,True,True,THREE_BAR_EXTENSION,True,EMA_SLOPES_DIFFER,True,LATE_ENTRY_BLOCK|CHOP_BLOCK,0.40592761535029015,1.2292323869610962,DEVELOPMENT,False,LATE_ENTRY_BLOCK|CHOP_BLOCK
ENTRY_T1,1704,2024-04-10 00:00:00,1705,2024-04-10 04:00:00,SHORT,SHORT_CONTEXT,True,True,THREE_BAR_EXTENSION,True,EMA_SLOPES_DIFFER,True,LATE_ENTRY_BLOCK|CHOP_BLOCK,0.9609877735220277,1.4502564102564086,DEVELOPMENT,False,LATE_ENTRY_BLOCK|CHOP_BLOCK
ENTRY_T1,1708,2024-04-10 16:00:00,1709,2024-04-10 20:00:00,SHORT,SHORT_CONTEXT,True,True,IMPULSE_BAR,False,,True,LATE_ENTRY_BLOCK,0.6203836000923395,0.6022267206477689,DEVELOPMENT,False,LATE_ENTRY_BLOCK
ENTRY_T1,1759,2024-04-19 04:00:00,1760,2024-04-19 08:00:00,SHORT,SHORT_CONTEXT,True,True,IMPULSE_BAR,True,DIRECTION_CHANGES_LAST10,True,LATE_ENTRY_BLOCK|CHOP_BLOCK,0.2840180634910127,-0.313349320543568,DEVELOPMENT,False,LATE_ENTRY_BLOCK|CHOP_BLOCK
ENTRY_T1,1855,2024-05-05 04:00:00,1856,2024-05-05 08:00:00,SHORT,SHORT_CONTEXT,True,True,IMPULSE_BAR,True,EMA_SLOPES_DIFFER,True,LATE_ENTRY_BLOCK|CHOP_BLOCK,0.0582973318206586,1.2502106149957937,DEVELOPMENT,False,LATE_ENTRY_BLOCK|CHOP_BLOCK
ENTRY_T1,1869,2024-05-07 12:00:00,1870,2024-05-07 16:00:00,SHORT,SHORT_CONTEXT,True,True,IMPULSE_BAR,True,DIRECTION_CHANGES_LAST10,True,LATE_ENTRY_BLOCK|CHOP_BLOCK,0.5393712617916322,0.9647779479326192,DEVELOPMENT,False,LATE_ENTRY_BLOCK|CHOP_BLOCK
ENTRY_T1,1889,2024-05-10 20:00:00,1890,2024-05-11 00:00:00,SHORT,SHORT_CONTEXT,True,True,THREE_BAR_EXTENSION,True,EMA_SLOPES_DIFFER,True,LATE_ENTRY_BLOCK|CHOP_BLOCK,0.7830559748569336,1.8077769625825362,DEVELOPMENT,False,LATE_ENTRY_BLOCK|CHOP_BLOCK
ENTRY_T1,1890,2024-05-11 00:00:00,1891,2024-05-11 04:00:00,SHORT,SHORT_CONTEXT,True,True,MOVE5_GT_2ATR,True,EMA_SLOPES_DIFFER,True,LATE_ENTRY_BLOCK|CHOP_BLOCK,0.9217256283807728,2.0121673003802223,DEVELOPMENT,False,LATE_ENTRY_BLOCK|CHOP_BLOCK
ENTRY_T1,1891,2024-05-11 04:00:00,1892,2024-05-11 08:00:00,SHORT,SHORT_CONTEXT,True,True,MOVE5_GT_2ATR,True,EMA_SLOPES_DIFFER,True,LATE_ENTRY_BLOCK|CHOP_BLOCK,0.6584388209011826,2.0016722408026726,DEVELOPMENT,False,LATE_ENTRY_BLOCK|CHOP_BLOCK
ENTRY_T1,1903,2024-05-13 04:00:00,1904,2024-05-13 08:00:00,SHORT,SHORT_CONTEXT,True,True,IMPULSE_BAR,False,,True,LATE_ENTRY_BLOCK,0.23337494414491586,-0.4704684317718887,DEVELOPMENT,False,LATE_ENTRY_BLOCK
ENTRY_T1,1942,2024-05-19 16:00:00,1943,2024-05-19 20:00:00,SHORT,SHORT_CONTEXT,True,True,MOVE5_GT_2ATR,True,EMA_SLOPES_DIFFER,True,LATE_ENTRY_BLOCK|CHOP_BLOCK,0.26937782169576324,2.2138794084186517,DEVELOPMENT,False,LATE_ENTRY_BLOCK|CHOP_BLOCK
ENTRY_T1,1943,2024-05-19 20:00:00,1944,2024-05-20 00:00:00,SHORT,SHORT_CONTEXT,True,True,MOVE5_GT_2ATR,True,EMA_SLOPES_DIFFER,True,LATE_ENTRY_BLOCK|CHOP_BLOCK,0.41700837463966683,2.46960667461263,DEVELOPMENT,False,LATE_ENTRY_BLOCK|CHOP_BLOCK
ENTRY_T1,2004,2024-05-30 00:00:00,2005,2024-05-30 04:00:00,SHORT,SHORT_CONTEXT,True,True,IMPULSE_BAR,True,DIRECTION_CHANGES_LAST10,True,LATE_ENTRY_BLOCK|CHOP_BLOCK,0.8122987750398761,0.7205882352941215,DEVELOPMENT,False,LATE_ENTRY_BLOCK|CHOP_BLOCK
ENTRY_T1,2028,2024-06-03 00:00:00,2029,2024-06-03 04:00:00,SHORT,SHORT_CONTEXT,True,True,IMPULSE_BAR,False,,True,LATE_ENTRY_BLOCK,0.22569715303748594,0.3919129082426178,DEVELOPMENT,False,LATE_ENTRY_BLOCK
ENTRY_T1,2116,2024-06-17 16:00:00,2117,2024-06-17 20:00:00,SHORT,SHORT_CONTEXT,True,True,IMPULSE_BAR,False,,True,LATE_ENTRY_BLOCK,0.44178400545750446,0.6215943491422817,DEVELOPMENT,False,LATE_ENTRY_BLOCK
ENTRY_T1,2124,2024-06-19 00:00:00,2125,2024-06-19 04:00:00,SHORT,SHORT_CONTEXT,True,True,IMPULSE_BAR,True,DIRECTION_CHANGES_LAST10,True,LATE_ENTRY_BLOCK|CHOP_BLOCK,0.6307569019079048,-0.9680851063829796,DEVELOPMENT,False,LATE_ENTRY_BLOCK|CHOP_BLOCK
ENTRY_T1,2134,2024-06-20 16:00:00,2135,2024-06-20 20:00:00,SHORT,SHORT_CONTEXT,True,True,IMPULSE_BAR,True,DIRECTION_CHANGES_LAST10,True,LATE_ENTRY_BLOCK|CHOP_BLOCK,0.7015328953225467,-0.30107526881720675,DEVELOPMENT,False,LATE_ENTRY_BLOCK|CHOP_BLOCK
ENTRY_T1,2145,2024-06-22 12:00:00,2146,2024-06-22 16:00:00,SHORT,SHORT_CONTEXT,True,True,IMPULSE_BAR,False,,True,LATE_ENTRY_BLOCK,0.028062421918891814,-0.9767441860465147,DEVELOPMENT,False,LATE_ENTRY_BLOCK
ENTRY_T1,2159,2024-06-24 20:00:00,2160,2024-06-25 00:00:00,SHORT,SHORT_CONTEXT,True,True,IMPULSE_BAR,False,,True,LATE_ENTRY_BLOCK,0.4953525709601656,0.27822944896116053,DEVELOPMENT,False,LATE_ENTRY_BLOCK
ENTRY_T1,2189,2024-06-29 20:00:00,2190,2024-06-30 00:00:00,SHORT,SHORT_CONTEXT,True,True,MOVE5_GT_2ATR,True,EMA_SLOPES_DIFFER,True,LATE_ENTRY_BLOCK|CHOP_BLOCK,0.621296420154969,2.087272727272731,DEVELOPMENT,False,LATE_ENTRY_BLOCK|CHOP_BLOCK
ENTRY_T1,2191,2024-06-30 04:00:00,2192,2024-06-30 08:00:00,SHORT,SHORT_CONTEXT,True,True,IMPULSE_BAR,True,EMA_SLOPES_DIFFER,True,LATE_ENTRY_BLOCK|CHOP_BLOCK,0.11757322318903421,1.253913043478258,DEVELOPMENT,False,LATE_ENTRY_BLOCK|CHOP_BLOCK
ENTRY_T2,258,2023-08-13 00:00:00,259,2023-08-13 04:00:00,SHORT,SHORT_CONTEXT,True,True,DIST_EMA27_GT_1_5ATR,False,,True,LATE_ENTRY_BLOCK,1.7497142932717473,1.399999999999997,DEVELOPMENT,False,LATE_ENTRY_BLOCK
ENTRY_T2,259,2023-08-13 04:00:00,260,2023-08-13 08:00:00,SHORT,SHORT_CONTEXT,True,True,DIST_EMA27_GT_1_5ATR,False,,True,LATE_ENTRY_BLOCK,1.9173602384396717,1.8237547892720076,DEVELOPMENT,False,LATE_ENTRY_BLOCK
ENTRY_T2,312,2023-08-22 00:00:00,313,2023-08-22 04:00:00,SHORT,SHORT_CONTEXT,True,True,DIST_EMA27_GT_1_5ATR,False,,True,LATE_ENTRY_BLOCK,1.5297721855072217,1.41463414634147,DEVELOPMENT,False,LATE_ENTRY_BLOCK
ENTRY_T2,316,2023-08-22 16:00:00,317,2023-08-22 20:00:00,SHORT,SHORT_CONTEXT,True,True,MOVE5_GT_2ATR,False,,True,LATE_ENTRY_BLOCK,2.711493988975576,2.1609195402298744,DEVELOPMENT,False,LATE_ENTRY_BLOCK
ENTRY_T2,356,2023-08-29 08:00:00,357,2023-08-29 12:00:00,SHORT,SHORT_CONTEXT,True,True,THREE_BAR_EXTENSION,True,EMA_SLOPES_DIFFER,True,LATE_ENTRY_BLOCK|CHOP_BLOCK,0.6190658404062259,1.4537246049661587,DEVELOPMENT,False,LATE_ENTRY_BLOCK|CHOP_BLOCK
ENTRY_T2,362,2023-08-30 08:00:00,363,2023-08-30 12:00:00,SHORT,SHORT_CONTEXT,True,True,THREE_BAR_EXTENSION,True,EMA_SLOPES_DIFFER,True,LATE_ENTRY_BLOCK|CHOP_BLOCK,0.1539412874649441,1.8002735978112228,DEVELOPMENT,False,LATE_ENTRY_BLOCK|CHOP_BLOCK
ENTRY_T2,363,2023-08-30 12:00:00,364,2023-08-30 16:00:00,SHORT,SHORT_CONTEXT,True,True,MOVE5_GT_2ATR,True,EMA_SLOPES_DIFFER,True,LATE_ENTRY_BLOCK|CHOP_BLOCK,0.41444714425723256,2.3952254641909865,DEVELOPMENT,False,LATE_ENTRY_BLOCK|CHOP_BLOCK
ENTRY_T2,373,2023-09-01 04:00:00,374,2023-09-01 08:00:00,SHORT,SHORT_CONTEXT,True,True,MOVE5_GT_2ATR,True,DIRECTION_CHANGES_LAST10,True,LATE_ENTRY_BLOCK|CHOP_BLOCK,1.4985674044289585,2.2294520547945114,DEVELOPMENT,False,LATE_ENTRY_BLOCK|CHOP_BLOCK
ENTRY_T2,432,2023-09-11 00:00:00,433,2023-09-11 04:00:00,SHORT,SHORT_CONTEXT,True,True,DIST_EMA27_GT_1_5ATR,False,,True,LATE_ENTRY_BLOCK,1.6551424491083784,0.47804878048780935,DEVELOPMENT,False,LATE_ENTRY_BLOCK
ENTRY_T2,459,2023-09-15 12:00:00,460,2023-09-15 16:00:00,SHORT,SHORT_CONTEXT,True,True,THREE_BAR_EXTENSION,True,EMA_SLOPES_DIFFER,True,LATE_ENTRY_BLOCK|CHOP_BLOCK,0.3127753642086104,1.1398747390396702,DEVELOPMENT,False,LATE_ENTRY_BLOCK|CHOP_BLOCK
ENTRY_T2,500,2023-09-22 08:00:00,501,2023-09-22 12:00:00,SHORT,SHORT_CONTEXT,True,True,DIST_EMA27_GT_1_5ATR,True,DIRECTION_CHANGES_LAST10,True,LATE_ENTRY_BLOCK|CHOP_BLOCK,1.536463877989747,1.1428571428571395,DEVELOPMENT,False,LATE_ENTRY_BLOCK|CHOP_BLOCK
ENTRY_T2,501,2023-09-22 12:00:00,502,2023-09-22 16:00:00,SHORT,SHORT_CONTEXT,True,True,DIST_EMA27_GT_1_5ATR,False,,True,LATE_ENTRY_BLOCK,1.5885170664457733,0.8970251716247121,DEVELOPMENT,False,LATE_ENTRY_BLOCK
ENTRY_T2,502,2023-09-22 16:00:00,503,2023-09-22 20:00:00,SHORT,SHORT_CONTEXT,True,True,DIST_EMA27_GT_1_5ATR,False,,True,LATE_ENTRY_BLOCK,1.7267547710393134,0.4600938967136185,DEVELOPMENT,False,LATE_ENTRY_BLOCK
ENTRY_T2,744,2023-11-02 00:00:00,745,2023-11-02 04:00:00,LONG,LONG_CONTEXT,True,True,MOVE5_GT_2ATR,False,,True,LATE_ENTRY_BLOCK,2.065044679504186,3.0718446601941674,DEVELOPMENT,False,LATE_ENTRY_BLOCK
ENTRY_T2,746,2023-11-02 08:00:00,747,2023-11-02 12:00:00,LONG,LONG_CONTEXT,True,True,MOVE5_GT_2ATR,False,,True,LATE_ENTRY_BLOCK,1.7718540261165086,2.8308823529411713,DEVELOPMENT,False,LATE_ENTRY_BLOCK
ENTRY_T2,751,2023-11-03 04:00:00,752,2023-11-03 08:00:00,LONG,LONG_CONTEXT,True,True,DIST_EMA27_GT_1_5ATR,True,DIRECTION_CHANGES_LAST10,True,LATE_ENTRY_BLOCK|CHOP_BLOCK,1.866633896757325,1.1832319134550375,DEVELOPMENT,False,LATE_ENTRY_BLOCK|CHOP_BLOCK
ENTRY_T2,787,2023-11-09 04:00:00,788,2023-11-09 08:00:00,LONG,LONG_CONTEXT,True,True,DIST_EMA27_GT_1_5ATR,False,,True,LATE_ENTRY_BLOCK,1.9815725916794653,1.2159090909090897,DEVELOPMENT,False,LATE_ENTRY_BLOCK
ENTRY_T2,792,2023-11-10 00:00:00,793,2023-11-10 04:00:00,LONG,LONG_CONTEXT,True,True,DIST_EMA27_GT_1_5ATR,False,,True,LATE_ENTRY_BLOCK,1.5023229165887015,0.5415860735009675,DEVELOPMENT,False,LATE_ENTRY_BLOCK
ENTRY_T2,793,2023-11-10 04:00:00,794,2023-11-10 08:00:00,LONG,LONG_CONTEXT,True,True,DIST_EMA27_GT_1_5ATR,False,,True,LATE_ENTRY_BLOCK,1.710877824180562,0.14707813525936075,DEVELOPMENT,False,LATE_ENTRY_BLOCK
ENTRY_T2,794,2023-11-10 08:00:00,795,2023-11-10 12:00:00,LONG,LONG_CONTEXT,True,True,DIST_EMA27_GT_1_5ATR,False,,True,LATE_ENTRY_BLOCK,1.7722103042255468,0.07097591888466125,DEVELOPMENT,False,LATE_ENTRY_BLOCK
ENTRY_T2,845,2023-11-18 20:00:00,846,2023-11-19 00:00:00,LONG,LONG_CONTEXT,True,True,THREE_BAR_EXTENSION,True,EMA_SLOPES_DIFFER,True,LATE_ENTRY_BLOCK|CHOP_BLOCK,0.6735369272121206,1.4830508474576283,DEVELOPMENT,False,LATE_ENTRY_BLOCK|CHOP_BLOCK
ENTRY_T2,931,2023-12-03 04:00:00,932,2023-12-03 08:00:00,LONG,LONG_CONTEXT,True,True,DIST_EMA27_GT_1_5ATR,False,,True,LATE_ENTRY_BLOCK,2.1277044396365694,1.5777460770328116,DEVELOPMENT,False,LATE_ENTRY_BLOCK
ENTRY_T2,941,2023-12-04 20:00:00,942,2023-12-05 00:00:00,LONG,LONG_CONTEXT,True,True,DIST_EMA27_GT_1_5ATR,False,,True,LATE_ENTRY_BLOCK,1.5590540318968724,0.42704039571310554,DEVELOPMENT,False,LATE_ENTRY_BLOCK
ENTRY_T2,947,2023-12-05 20:00:00,948,2023-12-06 00:00:00,LONG,LONG_CONTEXT,True,True,DIST_EMA27_GT_1_5ATR,False,,True,LATE_ENTRY_BLOCK,2.511204353916261,1.9647457627118639,DEVELOPMENT,False,LATE_ENTRY_BLOCK
ENTRY_T2,998,2023-12-14 08:00:00,999,2023-12-14 12:00:00,LONG,LONG_CONTEXT,True,True,DIST_EMA27_GT_1_5ATR,False,,True,LATE_ENTRY_BLOCK,2.0155134193781055,0.9715411558669026,DEVELOPMENT,False,LATE_ENTRY_BLOCK
ENTRY_T2,1026,2023-12-19 00:00:00,1027,2023-12-19 04:00:00,LONG,LONG_CONTEXT,True,True,MOVE5_GT_2ATR,True,EMA_SLOPES_DIFFER,True,LATE_ENTRY_BLOCK|CHOP_BLOCK,0.7274967412399826,2.0894774516821717,DEVELOPMENT,False,LATE_ENTRY_BLOCK|CHOP_BLOCK
ENTRY_T2,1078,2023-12-27 16:00:00,1079,2023-12-27 20:00:00,LONG,LONG_CONTEXT,True,True,THREE_BAR_EXTENSION,True,EMA_SLOPES_DIFFER,True,LATE_ENTRY_BLOCK|CHOP_BLOCK,1.2680996199932846,1.3253889440582562,DEVELOPMENT,False,LATE_ENTRY_BLOCK|CHOP_BLOCK
ENTRY_T2,1081,2023-12-28 04:00:00,1082,2023-12-28 08:00:00,LONG,LONG_CONTEXT,True,True,MOVE5_GT_2ATR,False,,True,LATE_ENTRY_BLOCK,1.8186219259121716,2.0712788259958073,DEVELOPMENT,False,LATE_ENTRY_BLOCK
ENTRY_T2,1109,2024-01-01 20:00:00,1110,2024-01-02 00:00:00,LONG,LONG_CONTEXT,True,True,MOVE5_GT_2ATR,True,EMA_SLOPES_DIFFER,True,LATE_ENTRY_BLOCK|CHOP_BLOCK,1.3783718725864484,2.5844748858447444,DEVELOPMENT,False,LATE_ENTRY_BLOCK|CHOP_BLOCK
ENTRY_T2,1235,2024-01-22 20:00:00,1236,2024-01-23 00:00:00,SHORT,SHORT_CONTEXT,True,True,DIST_EMA27_GT_1_5ATR,True,DIRECTION_CHANGES_LAST10,True,LATE_ENTRY_BLOCK|CHOP_BLOCK,2.637627967261264,1.7439109255393166,DEVELOPMENT,False,LATE_ENTRY_BLOCK|CHOP_BLOCK
ENTRY_T2,1291,2024-02-01 04:00:00,1292,2024-02-01 08:00:00,SHORT,SHORT_CONTEXT,True,True,THREE_BAR_EXTENSION,True,EMA_SLOPES_DIFFER,True,LATE_ENTRY_BLOCK|CHOP_BLOCK,1.0003193656086042,0.9189828503843883,DEVELOPMENT,False,LATE_ENTRY_BLOCK|CHOP_BLOCK
ENTRY_T2,1371,2024-02-14 12:00:00,1372,2024-02-14 16:00:00,LONG,LONG_CONTEXT,True,True,MOVE5_GT_2ATR,False,,True,LATE_ENTRY_BLOCK,1.9727177959581417,2.5612403100775185,DEVELOPMENT,False,LATE_ENTRY_BLOCK
ENTRY_T2,1372,2024-02-14 16:00:00,1373,2024-02-14 20:00:00,LONG,LONG_CONTEXT,True,True,MOVE5_GT_2ATR,False,,True,LATE_ENTRY_BLOCK,1.872011879987068,2.1980502821959944,DEVELOPMENT,False,LATE_ENTRY_BLOCK
ENTRY_T2,1373,2024-02-14 20:00:00,1374,2024-02-15 00:00:00,LONG,LONG_CONTEXT,True,True,MOVE5_GT_2ATR,False,,True,LATE_ENTRY_BLOCK,2.04241106812323,2.46406338426712,DEVELOPMENT,False,LATE_ENTRY_BLOCK
ENTRY_T2,1378,2024-02-15 16:00:00,1379,2024-02-15 20:00:00,LONG,LONG_CONTEXT,True,True,DIST_EMA27_GT_1_5ATR,False,,True,LATE_ENTRY_BLOCK,2.6938214265041776,1.763066202090593,DEVELOPMENT,False,LATE_ENTRY_BLOCK
ENTRY_T2,1393,2024-02-18 04:00:00,1394,2024-02-18 08:00:00,LONG,LONG_CONTEXT,True,True,MOVE5_GT_2ATR,False,,True,LATE_ENTRY_BLOCK,2.423784087276991,2.5418250950570345,DEVELOPMENT,False,LATE_ENTRY_BLOCK
ENTRY_T2,1394,2024-02-18 08:00:00,1395,2024-02-18 12:00:00,LONG,LONG_CONTEXT,True,True,MOVE5_GT_2ATR,False,,True,LATE_ENTRY_BLOCK,2.8297766558356745,3.6405228758169925,DEVELOPMENT,False,LATE_ENTRY_BLOCK
ENTRY_T2,1399,2024-02-19 04:00:00,1400,2024-02-19 08:00:00,LONG,LONG_CONTEXT,True,True,DIST_EMA27_GT_1_5ATR,False,,True,LATE_ENTRY_BLOCK,2.092877275720977,-0.3895013123359559,DEVELOPMENT,False,LATE_ENTRY_BLOCK
ENTRY_T2,1445,2024-02-26 20:00:00,1446,2024-02-27 00:00:00,LONG,LONG_CONTEXT,True,True,MOVE5_GT_2ATR,False,,True,LATE_ENTRY_BLOCK,2.1363702009772334,2.9900373599003656,DEVELOPMENT,False,LATE_ENTRY_BLOCK
ENTRY_T2,1446,2024-02-27 00:00:00,1447,2024-02-27 04:00:00,LONG,LONG_CONTEXT,True,True,MOVE5_GT_2ATR,False,,True,LATE_ENTRY_BLOCK,2.094313918956156,3.1802884615384484,DEVELOPMENT,False,LATE_ENTRY_BLOCK
ENTRY_T2,1448,2024-02-27 08:00:00,1449,2024-02-27 12:00:00,LONG,LONG_CONTEXT,True,True,DIST_EMA27_GT_1_5ATR,False,,True,LATE_ENTRY_BLOCK,1.6952289655299766,1.1874258600237202,DEVELOPMENT,False,LATE_ENTRY_BLOCK
ENTRY_T2,1460,2024-02-29 08:00:00,1461,2024-02-29 12:00:00,LONG,LONG_CONTEXT,True,True,DIST_EMA27_GT_1_5ATR,True,DIRECTION_CHANGES_LAST10,True,LATE_ENTRY_BLOCK|CHOP_BLOCK,2.4961974335508432,1.9323308270676696,DEVELOPMENT,False,LATE_ENTRY_BLOCK|CHOP_BLOCK
ENTRY_T2,1461,2024-02-29 12:00:00,1462,2024-02-29 16:00:00,LONG,LONG_CONTEXT,True,True,MOVE5_GT_2ATR,False,,True,LATE_ENTRY_BLOCK,2.357703602419637,2.7779527559055124,DEVELOPMENT,False,LATE_ENTRY_BLOCK
ENTRY_T2,1484,2024-03-04 08:00:00,1485,2024-03-04 12:00:00,LONG,LONG_CONTEXT,True,True,MOVE5_GT_2ATR,False,,True,LATE_ENTRY_BLOCK,2.508420409910496,2.191304347826088,DEVELOPMENT,False,LATE_ENTRY_BLOCK
ENTRY_T2,1485,2024-03-04 12:00:00,1486,2024-03-04 16:00:00,LONG,LONG_CONTEXT,True,True,MOVE5_GT_2ATR,False,,True,LATE_ENTRY_BLOCK,2.531963901995641,2.293103448275861,DEVELOPMENT,False,LATE_ENTRY_BLOCK
ENTRY_T2,1529,2024-03-11 20:00:00,1530,2024-03-12 00:00:00,LONG,LONG_CONTEXT,True,True,MOVE5_GT_2ATR,False,,True,LATE_ENTRY_BLOCK,1.965757398351733,3.2065335753176,DEVELOPMENT,False,LATE_ENTRY_BLOCK
ENTRY_T2,1652,2024-04-01 08:00:00,1653,2024-04-01 12:00:00,SHORT,SHORT_CONTEXT,True,True,DIST_EMA27_GT_1_5ATR,False,,True,LATE_ENTRY_BLOCK,1.9028932119332902,1.8884180790960434,DEVELOPMENT,False,LATE_ENTRY_BLOCK
ENTRY_T2,1659,2024-04-02 12:00:00,1660,2024-04-02 16:00:00,SHORT,SHORT_CONTEXT,True,True,MOVE5_GT_2ATR,False,,True,LATE_ENTRY_BLOCK,2.944241634831795,2.463546354635456,DEVELOPMENT,False,LATE_ENTRY_BLOCK
ENTRY_T2,1703,2024-04-09 20:00:00,1704,2024-04-10 00:00:00,SHORT,SHORT_CONTEXT,True,True,THREE_BAR_EXTENSION,True,EMA_SLOPES_DIFFER,True,LATE_ENTRY_BLOCK|CHOP_BLOCK,0.40592761535029015,1.2292323869610962,DEVELOPMENT,False,LATE_ENTRY_BLOCK|CHOP_BLOCK
ENTRY_T2,1704,2024-04-10 00:00:00,1705,2024-04-10 04:00:00,SHORT,SHORT_CONTEXT,True,True,THREE_BAR_EXTENSION,True,EMA_SLOPES_DIFFER,True,LATE_ENTRY_BLOCK|CHOP_BLOCK,0.9609877735220277,1.4502564102564086,DEVELOPMENT,False,LATE_ENTRY_BLOCK|CHOP_BLOCK
ENTRY_T2,1727,2024-04-13 20:00:00,1728,2024-04-14 00:00:00,SHORT,SHORT_CONTEXT,True,True,DIST_EMA27_GT_1_5ATR,False,,True,LATE_ENTRY_BLOCK,3.199621268412917,1.9252071005917157,DEVELOPMENT,False,LATE_ENTRY_BLOCK
ENTRY_T2,1793,2024-04-24 20:00:00,1794,2024-04-25 00:00:00,SHORT,SHORT_CONTEXT,True,True,MOVE5_GT_2ATR,True,DIRECTION_CHANGES_LAST10,True,LATE_ENTRY_BLOCK|CHOP_BLOCK,1.7538278910967342,2.2871287128712927,DEVELOPMENT,False,LATE_ENTRY_BLOCK|CHOP_BLOCK
ENTRY_T2,1794,2024-04-25 00:00:00,1795,2024-04-25 04:00:00,SHORT,SHORT_CONTEXT,True,True,MOVE5_GT_2ATR,False,,True,LATE_ENTRY_BLOCK,1.7187077829910247,2.667077681874231,DEVELOPMENT,False,LATE_ENTRY_BLOCK
ENTRY_T2,1795,2024-04-25 04:00:00,1796,2024-04-25 08:00:00,SHORT,SHORT_CONTEXT,True,True,MOVE5_GT_2ATR,False,,True,LATE_ENTRY_BLOCK,1.6327671553304095,2.1924686192468648,DEVELOPMENT,False,LATE_ENTRY_BLOCK
ENTRY_T2,1796,2024-04-25 08:00:00,1797,2024-04-25 12:00:00,SHORT,SHORT_CONTEXT,True,True,DIST_EMA27_GT_1_5ATR,False,,True,LATE_ENTRY_BLOCK,1.735261331629415,0.6420488385944009,DEVELOPMENT,False,LATE_ENTRY_BLOCK
ENTRY_T2,1819,2024-04-29 04:00:00,1820,2024-04-29 08:00:00,SHORT,SHORT_CONTEXT,True,True,DIST_EMA27_GT_1_5ATR,False,,True,LATE_ENTRY_BLOCK,1.7281649563087973,1.6673713883016246,DEVELOPMENT,False,LATE_ENTRY_BLOCK
ENTRY_T2,1873,2024-05-08 04:00:00,1874,2024-05-08 08:00:00,SHORT,SHORT_CONTEXT,True,True,DIST_EMA27_GT_1_5ATR,True,DIRECTION_CHANGES_LAST10,True,LATE_ENTRY_BLOCK|CHOP_BLOCK,1.5335789218063272,1.042889390519189,DEVELOPMENT,False,LATE_ENTRY_BLOCK|CHOP_BLOCK
ENTRY_T2,1889,2024-05-10 20:00:00,1890,2024-05-11 00:00:00,SHORT,SHORT_CONTEXT,True,True,THREE_BAR_EXTENSION,True,EMA_SLOPES_DIFFER,True,LATE_ENTRY_BLOCK|CHOP_BLOCK,0.7830559748569336,1.8077769625825362,DEVELOPMENT,False,LATE_ENTRY_BLOCK|CHOP_BLOCK
ENTRY_T2,1890,2024-05-11 00:00:00,1891,2024-05-11 04:00:00,SHORT,SHORT_CONTEXT,True,True,MOVE5_GT_2ATR,True,EMA_SLOPES_DIFFER,True,LATE_ENTRY_BLOCK|CHOP_BLOCK,0.9217256283807728,2.0121673003802223,DEVELOPMENT,False,LATE_ENTRY_BLOCK|CHOP_BLOCK
ENTRY_T2,1895,2024-05-11 20:00:00,1896,2024-05-12 00:00:00,SHORT,SHORT_CONTEXT,True,True,DIST_EMA27_GT_1_5ATR,False,,True,LATE_ENTRY_BLOCK,1.7650998829138387,1.0546955624355017,DEVELOPMENT,False,LATE_ENTRY_BLOCK
ENTRY_T2,1897,2024-05-12 04:00:00,1898,2024-05-12 08:00:00,SHORT,SHORT_CONTEXT,True,True,DIST_EMA27_GT_1_5ATR,False,,True,LATE_ENTRY_BLOCK,1.7645016927890387,0.8307692307692224,DEVELOPMENT,False,LATE_ENTRY_BLOCK
ENTRY_T2,1907,2024-05-13 20:00:00,1908,2024-05-14 00:00:00,SHORT,SHORT_CONTEXT,True,True,THREE_BAR_EXTENSION,False,,True,LATE_ENTRY_BLOCK,1.0346455322359918,-0.9074074074074064,DEVELOPMENT,False,LATE_ENTRY_BLOCK
ENTRY_T2,1942,2024-05-19 16:00:00,1943,2024-05-19 20:00:00,SHORT,SHORT_CONTEXT,True,True,MOVE5_GT_2ATR,True,EMA_SLOPES_DIFFER,True,LATE_ENTRY_BLOCK|CHOP_BLOCK,0.26937782169576324,2.2138794084186517,DEVELOPMENT,False,LATE_ENTRY_BLOCK|CHOP_BLOCK
ENTRY_T2,1943,2024-05-19 20:00:00,1944,2024-05-20 00:00:00,SHORT,SHORT_CONTEXT,True,True,MOVE5_GT_2ATR,True,EMA_SLOPES_DIFFER,True,LATE_ENTRY_BLOCK|CHOP_BLOCK,0.41700837463966683,2.46960667461263,DEVELOPMENT,False,LATE_ENTRY_BLOCK|CHOP_BLOCK
ENTRY_T2,2059,2024-06-08 04:00:00,2060,2024-06-08 08:00:00,SHORT,SHORT_CONTEXT,True,True,MOVE5_GT_2ATR,True,DIRECTION_CHANGES_LAST10,True,LATE_ENTRY_BLOCK|CHOP_BLOCK,1.077164907347373,3.387523629489602,DEVELOPMENT,False,LATE_ENTRY_BLOCK|CHOP_BLOCK
ENTRY_T2,2062,2024-06-08 16:00:00,2063,2024-06-08 20:00:00,SHORT,SHORT_CONTEXT,True,True,DIST_EMA27_GT_1_5ATR,True,DIRECTION_CHANGES_LAST10,True,LATE_ENTRY_BLOCK|CHOP_BLOCK,1.5304897572527603,1.1988505747126448,DEVELOPMENT,False,LATE_ENTRY_BLOCK|CHOP_BLOCK
ENTRY_T2,2077,2024-06-11 04:00:00,2078,2024-06-11 08:00:00,SHORT,SHORT_CONTEXT,True,True,DIST_EMA27_GT_1_5ATR,False,,True,LATE_ENTRY_BLOCK,1.6176470262299991,1.9703703703703674,DEVELOPMENT,False,LATE_ENTRY_BLOCK
ENTRY_T2,2078,2024-06-11 08:00:00,2079,2024-06-11 12:00:00,SHORT,SHORT_CONTEXT,True,True,MOVE5_GT_2ATR,False,,True,LATE_ENTRY_BLOCK,1.7395340700787336,2.2588878760255215,DEVELOPMENT,False,LATE_ENTRY_BLOCK
ENTRY_T2,2081,2024-06-11 20:00:00,2082,2024-06-12 00:00:00,SHORT,SHORT_CONTEXT,True,True,DIST_EMA27_GT_1_5ATR,False,,True,LATE_ENTRY_BLOCK,1.9605998279929284,1.502047502047501,DEVELOPMENT,False,LATE_ENTRY_BLOCK
ENTRY_T2,2113,2024-06-17 04:00:00,2114,2024-06-17 08:00:00,SHORT,SHORT_CONTEXT,True,True,DIST_EMA27_GT_1_5ATR,False,,True,LATE_ENTRY_BLOCK,1.7102106627006888,1.0206022187004724,DEVELOPMENT,False,LATE_ENTRY_BLOCK
ENTRY_T2,2120,2024-06-18 08:00:00,2121,2024-06-18 12:00:00,SHORT,SHORT_CONTEXT,True,True,MOVE5_GT_2ATR,True,DIRECTION_CHANGES_LAST10,True,LATE_ENTRY_BLOCK|CHOP_BLOCK,2.8640371231125905,2.2643171806167395,DEVELOPMENT,False,LATE_ENTRY_BLOCK|CHOP_BLOCK
ENTRY_T2,2122,2024-06-18 16:00:00,2123,2024-06-18 20:00:00,SHORT,SHORT_CONTEXT,True,True,MOVE5_GT_2ATR,True,DIRECTION_CHANGES_LAST10,True,LATE_ENTRY_BLOCK|CHOP_BLOCK,2.3798848342527705,2.2556480380499413,DEVELOPMENT,False,LATE_ENTRY_BLOCK|CHOP_BLOCK
ENTRY_T2,2141,2024-06-21 20:00:00,2142,2024-06-22 00:00:00,SHORT,SHORT_CONTEXT,True,True,DIST_EMA27_GT_1_5ATR,False,,True,LATE_ENTRY_BLOCK,1.6011320093346897,1.3461538461538467,DEVELOPMENT,False,LATE_ENTRY_BLOCK
ENTRY_T2,2142,2024-06-22 00:00:00,2143,2024-06-22 04:00:00,SHORT,SHORT_CONTEXT,True,True,DIST_EMA27_GT_1_5ATR,False,,True,LATE_ENTRY_BLOCK,1.8104197142107485,1.613941018766758,DEVELOPMENT,False,LATE_ENTRY_BLOCK
ENTRY_T2,2156,2024-06-24 08:00:00,2157,2024-06-24 12:00:00,SHORT,SHORT_CONTEXT,True,True,DIST_EMA27_GT_1_5ATR,False,,True,LATE_ENTRY_BLOCK,1.5834791275826336,1.979939819458373,DEVELOPMENT,False,LATE_ENTRY_BLOCK
ENTRY_T2,2189,2024-06-29 20:00:00,2190,2024-06-30 00:00:00,SHORT,SHORT_CONTEXT,True,True,MOVE5_GT_2ATR,True,EMA_SLOPES_DIFFER,True,LATE_ENTRY_BLOCK|CHOP_BLOCK,0.621296420154969,2.087272727272731,DEVELOPMENT,False,LATE_ENTRY_BLOCK|CHOP_BLOCK
ENTRY_T3,249,2023-08-11 12:00:00,250,2023-08-11 16:00:00,SHORT,SHORT_CONTEXT,True,True,IMPULSE_BAR,True,EMA_SLOPES_DIFFER,True,LATE_ENTRY_BLOCK|CHOP_BLOCK,0.7734423925277464,1.1015228426396093,DEVELOPMENT,False,LATE_ENTRY_BLOCK|CHOP_BLOCK
ENTRY_T3,250,2023-08-11 16:00:00,251,2023-08-11 20:00:00,SHORT,SHORT_CONTEXT,True,True,IMPULSE_BAR,False,,True,LATE_ENTRY_BLOCK,0.9467580351766783,0.9924050632911456,DEVELOPMENT,False,LATE_ENTRY_BLOCK
ENTRY_T3,369,2023-08-31 12:00:00,370,2023-08-31 16:00:00,SHORT,SHORT_CONTEXT,True,True,IMPULSE_BAR,True,PRICE_EMA27_CROSSES_LAST10,True,LATE_ENTRY_BLOCK|CHOP_BLOCK,1.0742404604585603,0.9462068965517149,DEVELOPMENT,False,LATE_ENTRY_BLOCK|CHOP_BLOCK
ENTRY_T3,850,2023-11-19 16:00:00,851,2023-11-19 20:00:00,LONG,LONG_CONTEXT,True,True,IMPULSE_BAR,False,,True,LATE_ENTRY_BLOCK,1.1953428370090677,0.6530612244897918,DEVELOPMENT,False,LATE_ENTRY_BLOCK
ENTRY_T3,922,2023-12-01 16:00:00,923,2023-12-01 20:00:00,LONG,LONG_CONTEXT,True,True,IMPULSE_BAR,True,EMA_SLOPES_DIFFER,True,LATE_ENTRY_BLOCK|CHOP_BLOCK,0.7043519529371597,1.6089828269484874,DEVELOPMENT,False,LATE_ENTRY_BLOCK|CHOP_BLOCK
ENTRY_T3,924,2023-12-02 00:00:00,925,2023-12-02 04:00:00,LONG,LONG_CONTEXT,True,True,IMPULSE_BAR,True,EMA_SLOPES_DIFFER,True,LATE_ENTRY_BLOCK|CHOP_BLOCK,1.0173613048477836,1.5909090909090908,DEVELOPMENT,False,LATE_ENTRY_BLOCK|CHOP_BLOCK
ENTRY_T3,1443,2024-02-26 12:00:00,1444,2024-02-26 16:00:00,LONG,LONG_CONTEXT,True,True,IMPULSE_BAR,True,EMA_SLOPES_DIFFER,True,LATE_ENTRY_BLOCK|CHOP_BLOCK,1.320878938947719,1.6354300385109057,DEVELOPMENT,False,LATE_ENTRY_BLOCK|CHOP_BLOCK
ENTRY_T3,2050,2024-06-06 16:00:00,2051,2024-06-06 20:00:00,SHORT,SHORT_CONTEXT,True,True,IMPULSE_BAR,True,EMA_SLOPES_DIFFER,True,LATE_ENTRY_BLOCK|CHOP_BLOCK,0.8718352309314069,1.6319018404907986,DEVELOPMENT,False,LATE_ENTRY_BLOCK|CHOP_BLOCK
ENTRY_T3,2056,2024-06-07 16:00:00,2057,2024-06-07 20:00:00,SHORT,SHORT_CONTEXT,True,True,IMPULSE_BAR,True,EMA_SLOPES_DIFFER,True,LATE_ENTRY_BLOCK|CHOP_BLOCK,1.0437662508949481,0.8482142857142865,DEVELOPMENT,False,LATE_ENTRY_BLOCK|CHOP_BLOCK
ENTRY_T3,2172,2024-06-27 00:00:00,2173,2024-06-27 04:00:00,SHORT,SHORT_CONTEXT,True,True,IMPULSE_BAR,True,EMA_SLOPES_DIFFER,True,LATE_ENTRY_BLOCK|CHOP_BLOCK,0.6034106985735733,1.1343873517786611,DEVELOPMENT,False,LATE_ENTRY_BLOCK|CHOP_BLOCK
ENTRY_T4,258,2023-08-13 00:00:00,259,2023-08-13 04:00:00,SHORT,SHORT_CONTEXT,True,True,DIST_EMA27_GT_1_5ATR,False,,True,LATE_ENTRY_BLOCK,1.7497142932717473,1.399999999999997,DEVELOPMENT,False,LATE_ENTRY_BLOCK
ENTRY_T4,259,2023-08-13 04:00:00,260,2023-08-13 08:00:00,SHORT,SHORT_CONTEXT,True,True,DIST_EMA27_GT_1_5ATR,False,,True,LATE_ENTRY_BLOCK,1.9173602384396717,1.8237547892720076,DEVELOPMENT,False,LATE_ENTRY_BLOCK
ENTRY_T4,312,2023-08-22 00:00:00,313,2023-08-22 04:00:00,SHORT,SHORT_CONTEXT,True,True,DIST_EMA27_GT_1_5ATR,False,,True,LATE_ENTRY_BLOCK,1.5297721855072217,1.41463414634147,DEVELOPMENT,False,LATE_ENTRY_BLOCK
ENTRY_T4,363,2023-08-30 12:00:00,364,2023-08-30 16:00:00,SHORT,SHORT_CONTEXT,True,True,MOVE5_GT_2ATR,True,EMA_SLOPES_DIFFER,True,LATE_ENTRY_BLOCK|CHOP_BLOCK,0.41444714425723256,2.3952254641909865,DEVELOPMENT,False,LATE_ENTRY_BLOCK|CHOP_BLOCK
ENTRY_T4,373,2023-09-01 04:00:00,374,2023-09-01 08:00:00,SHORT,SHORT_CONTEXT,True,True,MOVE5_GT_2ATR,True,DIRECTION_CHANGES_LAST10,True,LATE_ENTRY_BLOCK|CHOP_BLOCK,1.4985674044289585,2.2294520547945114,DEVELOPMENT,False,LATE_ENTRY_BLOCK|CHOP_BLOCK
ENTRY_T4,432,2023-09-11 00:00:00,433,2023-09-11 04:00:00,SHORT,SHORT_CONTEXT,True,True,DIST_EMA27_GT_1_5ATR,False,,True,LATE_ENTRY_BLOCK,1.6551424491083784,0.47804878048780935,DEVELOPMENT,False,LATE_ENTRY_BLOCK
ENTRY_T4,500,2023-09-22 08:00:00,501,2023-09-22 12:00:00,SHORT,SHORT_CONTEXT,True,True,DIST_EMA27_GT_1_5ATR,True,DIRECTION_CHANGES_LAST10,True,LATE_ENTRY_BLOCK|CHOP_BLOCK,1.536463877989747,1.1428571428571395,DEVELOPMENT,False,LATE_ENTRY_BLOCK|CHOP_BLOCK
ENTRY_T4,501,2023-09-22 12:00:00,502,2023-09-22 16:00:00,SHORT,SHORT_CONTEXT,True,True,DIST_EMA27_GT_1_5ATR,False,,True,LATE_ENTRY_BLOCK,1.5885170664457733,0.8970251716247121,DEVELOPMENT,False,LATE_ENTRY_BLOCK
ENTRY_T4,502,2023-09-22 16:00:00,503,2023-09-22 20:00:00,SHORT,SHORT_CONTEXT,True,True,DIST_EMA27_GT_1_5ATR,False,,True,LATE_ENTRY_BLOCK,1.7267547710393134,0.4600938967136185,DEVELOPMENT,False,LATE_ENTRY_BLOCK
ENTRY_T4,746,2023-11-02 08:00:00,747,2023-11-02 12:00:00,LONG,LONG_CONTEXT,True,True,MOVE5_GT_2ATR,False,,True,LATE_ENTRY_BLOCK,1.7718540261165086,2.8308823529411713,DEVELOPMENT,False,LATE_ENTRY_BLOCK
ENTRY_T4,793,2023-11-10 04:00:00,794,2023-11-10 08:00:00,LONG,LONG_CONTEXT,True,True,DIST_EMA27_GT_1_5ATR,False,,True,LATE_ENTRY_BLOCK,1.710877824180562,0.14707813525936075,DEVELOPMENT,False,LATE_ENTRY_BLOCK
ENTRY_T4,794,2023-11-10 08:00:00,795,2023-11-10 12:00:00,LONG,LONG_CONTEXT,True,True,DIST_EMA27_GT_1_5ATR,False,,True,LATE_ENTRY_BLOCK,1.7722103042255468,0.07097591888466125,DEVELOPMENT,False,LATE_ENTRY_BLOCK
ENTRY_T4,845,2023-11-18 20:00:00,846,2023-11-19 00:00:00,LONG,LONG_CONTEXT,True,True,THREE_BAR_EXTENSION,True,EMA_SLOPES_DIFFER,True,LATE_ENTRY_BLOCK|CHOP_BLOCK,0.6735369272121206,1.4830508474576283,DEVELOPMENT,False,LATE_ENTRY_BLOCK|CHOP_BLOCK
ENTRY_T4,931,2023-12-03 04:00:00,932,2023-12-03 08:00:00,LONG,LONG_CONTEXT,True,True,DIST_EMA27_GT_1_5ATR,False,,True,LATE_ENTRY_BLOCK,2.1277044396365694,1.5777460770328116,DEVELOPMENT,False,LATE_ENTRY_BLOCK
ENTRY_T4,941,2023-12-04 20:00:00,942,2023-12-05 00:00:00,LONG,LONG_CONTEXT,True,True,DIST_EMA27_GT_1_5ATR,False,,True,LATE_ENTRY_BLOCK,1.5590540318968724,0.42704039571310554,DEVELOPMENT,False,LATE_ENTRY_BLOCK
ENTRY_T4,998,2023-12-14 08:00:00,999,2023-12-14 12:00:00,LONG,LONG_CONTEXT,True,True,DIST_EMA27_GT_1_5ATR,False,,True,LATE_ENTRY_BLOCK,2.0155134193781055,0.9715411558669026,DEVELOPMENT,False,LATE_ENTRY_BLOCK
ENTRY_T4,1078,2023-12-27 16:00:00,1079,2023-12-27 20:00:00,LONG,LONG_CONTEXT,True,True,THREE_BAR_EXTENSION,True,EMA_SLOPES_DIFFER,True,LATE_ENTRY_BLOCK|CHOP_BLOCK,1.2680996199932846,1.3253889440582562,DEVELOPMENT,False,LATE_ENTRY_BLOCK|CHOP_BLOCK
ENTRY_T4,1291,2024-02-01 04:00:00,1292,2024-02-01 08:00:00,SHORT,SHORT_CONTEXT,True,True,THREE_BAR_EXTENSION,True,EMA_SLOPES_DIFFER,True,LATE_ENTRY_BLOCK|CHOP_BLOCK,1.0003193656086042,0.9189828503843883,DEVELOPMENT,False,LATE_ENTRY_BLOCK|CHOP_BLOCK
ENTRY_T4,1372,2024-02-14 16:00:00,1373,2024-02-14 20:00:00,LONG,LONG_CONTEXT,True,True,MOVE5_GT_2ATR,False,,True,LATE_ENTRY_BLOCK,1.872011879987068,2.1980502821959944,DEVELOPMENT,False,LATE_ENTRY_BLOCK
ENTRY_T4,1373,2024-02-14 20:00:00,1374,2024-02-15 00:00:00,LONG,LONG_CONTEXT,True,True,MOVE5_GT_2ATR,False,,True,LATE_ENTRY_BLOCK,2.04241106812323,2.46406338426712,DEVELOPMENT,False,LATE_ENTRY_BLOCK
ENTRY_T4,1394,2024-02-18 08:00:00,1395,2024-02-18 12:00:00,LONG,LONG_CONTEXT,True,True,MOVE5_GT_2ATR,False,,True,LATE_ENTRY_BLOCK,2.8297766558356745,3.6405228758169925,DEVELOPMENT,False,LATE_ENTRY_BLOCK
ENTRY_T4,1399,2024-02-19 04:00:00,1400,2024-02-19 08:00:00,LONG,LONG_CONTEXT,True,True,DIST_EMA27_GT_1_5ATR,False,,True,LATE_ENTRY_BLOCK,2.092877275720977,-0.3895013123359559,DEVELOPMENT,False,LATE_ENTRY_BLOCK
ENTRY_T4,1446,2024-02-27 00:00:00,1447,2024-02-27 04:00:00,LONG,LONG_CONTEXT,True,True,MOVE5_GT_2ATR,False,,True,LATE_ENTRY_BLOCK,2.094313918956156,3.1802884615384484,DEVELOPMENT,False,LATE_ENTRY_BLOCK
ENTRY_T4,1461,2024-02-29 12:00:00,1462,2024-02-29 16:00:00,LONG,LONG_CONTEXT,True,True,MOVE5_GT_2ATR,False,,True,LATE_ENTRY_BLOCK,2.357703602419637,2.7779527559055124,DEVELOPMENT,False,LATE_ENTRY_BLOCK
ENTRY_T4,1485,2024-03-04 12:00:00,1486,2024-03-04 16:00:00,LONG,LONG_CONTEXT,True,True,MOVE5_GT_2ATR,False,,True,LATE_ENTRY_BLOCK,2.531963901995641,2.293103448275861,DEVELOPMENT,False,LATE_ENTRY_BLOCK
ENTRY_T4,1704,2024-04-10 00:00:00,1705,2024-04-10 04:00:00,SHORT,SHORT_CONTEXT,True,True,THREE_BAR_EXTENSION,True,EMA_SLOPES_DIFFER,True,LATE_ENTRY_BLOCK|CHOP_BLOCK,0.9609877735220277,1.4502564102564086,DEVELOPMENT,False,LATE_ENTRY_BLOCK|CHOP_BLOCK
ENTRY_T4,1793,2024-04-24 20:00:00,1794,2024-04-25 00:00:00,SHORT,SHORT_CONTEXT,True,True,MOVE5_GT_2ATR,True,DIRECTION_CHANGES_LAST10,True,LATE_ENTRY_BLOCK|CHOP_BLOCK,1.7538278910967342,2.2871287128712927,DEVELOPMENT,False,LATE_ENTRY_BLOCK|CHOP_BLOCK
ENTRY_T4,1794,2024-04-25 00:00:00,1795,2024-04-25 04:00:00,SHORT,SHORT_CONTEXT,True,True,MOVE5_GT_2ATR,False,,True,LATE_ENTRY_BLOCK,1.7187077829910247,2.667077681874231,DEVELOPMENT,False,LATE_ENTRY_BLOCK
ENTRY_T4,1795,2024-04-25 04:00:00,1796,2024-04-25 08:00:00,SHORT,SHORT_CONTEXT,True,True,MOVE5_GT_2ATR,False,,True,LATE_ENTRY_BLOCK,1.6327671553304095,2.1924686192468648,DEVELOPMENT,False,LATE_ENTRY_BLOCK
ENTRY_T4,1796,2024-04-25 08:00:00,1797,2024-04-25 12:00:00,SHORT,SHORT_CONTEXT,True,True,DIST_EMA27_GT_1_5ATR,False,,True,LATE_ENTRY_BLOCK,1.735261331629415,0.6420488385944009,DEVELOPMENT,False,LATE_ENTRY_BLOCK
ENTRY_T4,1873,2024-05-08 04:00:00,1874,2024-05-08 08:00:00,SHORT,SHORT_CONTEXT,True,True,DIST_EMA27_GT_1_5ATR,True,DIRECTION_CHANGES_LAST10,True,LATE_ENTRY_BLOCK|CHOP_BLOCK,1.5335789218063272,1.042889390519189,DEVELOPMENT,False,LATE_ENTRY_BLOCK|CHOP_BLOCK
ENTRY_T4,1889,2024-05-10 20:00:00,1890,2024-05-11 00:00:00,SHORT,SHORT_CONTEXT,True,True,THREE_BAR_EXTENSION,True,EMA_SLOPES_DIFFER,True,LATE_ENTRY_BLOCK|CHOP_BLOCK,0.7830559748569336,1.8077769625825362,DEVELOPMENT,False,LATE_ENTRY_BLOCK|CHOP_BLOCK
ENTRY_T4,1890,2024-05-11 00:00:00,1891,2024-05-11 04:00:00,SHORT,SHORT_CONTEXT,True,True,MOVE5_GT_2ATR,True,EMA_SLOPES_DIFFER,True,LATE_ENTRY_BLOCK|CHOP_BLOCK,0.9217256283807728,2.0121673003802223,DEVELOPMENT,False,LATE_ENTRY_BLOCK|CHOP_BLOCK
ENTRY_T4,1895,2024-05-11 20:00:00,1896,2024-05-12 00:00:00,SHORT,SHORT_CONTEXT,True,True,DIST_EMA27_GT_1_5ATR,False,,True,LATE_ENTRY_BLOCK,1.7650998829138387,1.0546955624355017,DEVELOPMENT,False,LATE_ENTRY_BLOCK
ENTRY_T4,1897,2024-05-12 04:00:00,1898,2024-05-12 08:00:00,SHORT,SHORT_CONTEXT,True,True,DIST_EMA27_GT_1_5ATR,False,,True,LATE_ENTRY_BLOCK,1.7645016927890387,0.8307692307692224,DEVELOPMENT,False,LATE_ENTRY_BLOCK
ENTRY_T4,1907,2024-05-13 20:00:00,1908,2024-05-14 00:00:00,SHORT,SHORT_CONTEXT,True,True,THREE_BAR_EXTENSION,False,,True,LATE_ENTRY_BLOCK,1.0346455322359918,-0.9074074074074064,DEVELOPMENT,False,LATE_ENTRY_BLOCK
ENTRY_T4,1943,2024-05-19 20:00:00,1944,2024-05-20 00:00:00,SHORT,SHORT_CONTEXT,True,True,MOVE5_GT_2ATR,True,EMA_SLOPES_DIFFER,True,LATE_ENTRY_BLOCK|CHOP_BLOCK,0.41700837463966683,2.46960667461263,DEVELOPMENT,False,LATE_ENTRY_BLOCK|CHOP_BLOCK
ENTRY_T4,2059,2024-06-08 04:00:00,2060,2024-06-08 08:00:00,SHORT,SHORT_CONTEXT,True,True,MOVE5_GT_2ATR,True,DIRECTION_CHANGES_LAST10,True,LATE_ENTRY_BLOCK|CHOP_BLOCK,1.077164907347373,3.387523629489602,DEVELOPMENT,False,LATE_ENTRY_BLOCK|CHOP_BLOCK
ENTRY_T4,2062,2024-06-08 16:00:00,2063,2024-06-08 20:00:00,SHORT,SHORT_CONTEXT,True,True,DIST_EMA27_GT_1_5ATR,True,DIRECTION_CHANGES_LAST10,True,LATE_ENTRY_BLOCK|CHOP_BLOCK,1.5304897572527603,1.1988505747126448,DEVELOPMENT,False,LATE_ENTRY_BLOCK|CHOP_BLOCK
ENTRY_T4,2078,2024-06-11 08:00:00,2079,2024-06-11 12:00:00,SHORT,SHORT_CONTEXT,True,True,MOVE5_GT_2ATR,False,,True,LATE_ENTRY_BLOCK,1.7395340700787336,2.2588878760255215,DEVELOPMENT,False,LATE_ENTRY_BLOCK
ENTRY_T4,2081,2024-06-11 20:00:00,2082,2024-06-12 00:00:00,SHORT,SHORT_CONTEXT,True,True,DIST_EMA27_GT_1_5ATR,False,,True,LATE_ENTRY_BLOCK,1.9605998279929284,1.502047502047501,DEVELOPMENT,False,LATE_ENTRY_BLOCK
ENTRY_T4,2120,2024-06-18 08:00:00,2121,2024-06-18 12:00:00,SHORT,SHORT_CONTEXT,True,True,MOVE5_GT_2ATR,True,DIRECTION_CHANGES_LAST10,True,LATE_ENTRY_BLOCK|CHOP_BLOCK,2.8640371231125905,2.2643171806167395,DEVELOPMENT,False,LATE_ENTRY_BLOCK|CHOP_BLOCK
ENTRY_T4,2122,2024-06-18 16:00:00,2123,2024-06-18 20:00:00,SHORT,SHORT_CONTEXT,True,True,MOVE5_GT_2ATR,True,DIRECTION_CHANGES_LAST10,True,LATE_ENTRY_BLOCK|CHOP_BLOCK,2.3798848342527705,2.2556480380499413,DEVELOPMENT,False,LATE_ENTRY_BLOCK|CHOP_BLOCK
ENTRY_T4,2141,2024-06-21 20:00:00,2142,2024-06-22 00:00:00,SHORT,SHORT_CONTEXT,True,True,DIST_EMA27_GT_1_5ATR,False,,True,LATE_ENTRY_BLOCK,1.6011320093346897,1.3461538461538467,DEVELOPMENT,False,LATE_ENTRY_BLOCK
ENTRY_T4,2142,2024-06-22 00:00:00,2143,2024-06-22 04:00:00,SHORT,SHORT_CONTEXT,True,True,DIST_EMA27_GT_1_5ATR,False,,True,LATE_ENTRY_BLOCK,1.8104197142107485,1.613941018766758,DEVELOPMENT,False,LATE_ENTRY_BLOCK
ENTRY_T4,2189,2024-06-29 20:00:00,2190,2024-06-30 00:00:00,SHORT,SHORT_CONTEXT,True,True,MOVE5_GT_2ATR,True,EMA_SLOPES_DIFFER,True,LATE_ENTRY_BLOCK|CHOP_BLOCK,0.621296420154969,2.087272727272731,DEVELOPMENT,False,LATE_ENTRY_BLOCK|CHOP_BLOCK
ENTRY_T1,2322,2024-07-22 00:00:00,2323,2024-07-22 04:00:00,LONG,LONG_CONTEXT,True,True,IMPULSE_BAR,True,DIRECTION_CHANGES_LAST10,True,LATE_ENTRY_BLOCK|CHOP_BLOCK,0.5387434380850534,0.9852700490998343,VALIDATION,False,LATE_ENTRY_BLOCK|CHOP_BLOCK
ENTRY_T1,2323,2024-07-22 04:00:00,2324,2024-07-22 08:00:00,LONG,LONG_CONTEXT,True,True,IMPULSE_BAR,False,,True,LATE_ENTRY_BLOCK,0.0002500981469433188,0.36121970289288713,VALIDATION,False,LATE_ENTRY_BLOCK
ENTRY_T1,2424,2024-08-08 00:00:00,2425,2024-08-08 04:00:00,SHORT,SHORT_CONTEXT,True,True,IMPULSE_BAR,False,,True,LATE_ENTRY_BLOCK,0.15905573460166328,-0.049266862170091706,VALIDATION,False,LATE_ENTRY_BLOCK
ENTRY_T1,2473,2024-08-16 04:00:00,2474,2024-08-16 08:00:00,SHORT,SHORT_CONTEXT,True,True,IMPULSE_BAR,True,DIRECTION_CHANGES_LAST10,True,LATE_ENTRY_BLOCK|CHOP_BLOCK,0.1047736825724674,0.10666666666666205,VALIDATION,False,LATE_ENTRY_BLOCK|CHOP_BLOCK
ENTRY_T1,2476,2024-08-16 16:00:00,2477,2024-08-16 20:00:00,SHORT,SHORT_CONTEXT,True,True,IMPULSE_BAR,True,DIRECTION_CHANGES_LAST10,True,LATE_ENTRY_BLOCK|CHOP_BLOCK,0.2700220939101898,-0.7573415765069544,VALIDATION,False,LATE_ENTRY_BLOCK|CHOP_BLOCK
ENTRY_T1,2701,2024-09-23 04:00:00,2702,2024-09-23 08:00:00,LONG,LONG_CONTEXT,True,True,IMPULSE_BAR,False,,True,LATE_ENTRY_BLOCK,0.30843219824075185,0.1641266119577961,VALIDATION,False,LATE_ENTRY_BLOCK
ENTRY_T1,2737,2024-09-29 04:00:00,2738,2024-09-29 08:00:00,LONG,LONG_CONTEXT,True,True,IMPULSE_BAR,False,,True,LATE_ENTRY_BLOCK,0.13659127022987316,-0.9740394600207655,VALIDATION,False,LATE_ENTRY_BLOCK
ENTRY_T1,2741,2024-09-29 20:00:00,2742,2024-09-30 00:00:00,LONG,LONG_CONTEXT,True,True,IMPULSE_BAR,False,,True,LATE_ENTRY_BLOCK,0.3880242922286362,-0.4688221709006947,VALIDATION,False,LATE_ENTRY_BLOCK
ENTRY_T1,2781,2024-10-06 12:00:00,2782,2024-10-06 16:00:00,SHORT,SHORT_CONTEXT,True,True,IMPULSE_BAR,False,,True,LATE_ENTRY_BLOCK,0.14284996430475477,-1.058487874465056,VALIDATION,False,LATE_ENTRY_BLOCK
ENTRY_T1,2809,2024-10-11 04:00:00,2810,2024-10-11 08:00:00,SHORT,SHORT_CONTEXT,True,True,IMPULSE_BAR,True,DIRECTION_CHANGES_LAST10,True,LATE_ENTRY_BLOCK|CHOP_BLOCK,0.049255921931092884,-1.0453333333333328,VALIDATION,False,LATE_ENTRY_BLOCK|CHOP_BLOCK
ENTRY_T1,2847,2024-10-17 12:00:00,2848,2024-10-17 16:00:00,SHORT,SHORT_CONTEXT,True,True,IMPULSE_BAR,True,DIRECTION_CHANGES_LAST10,True,LATE_ENTRY_BLOCK|CHOP_BLOCK,0.5029191447708677,0.5487906588823999,VALIDATION,False,LATE_ENTRY_BLOCK|CHOP_BLOCK
ENTRY_T1,2876,2024-10-22 08:00:00,2877,2024-10-22 12:00:00,LONG,LONG_CONTEXT,True,True,IMPULSE_BAR,False,,True,LATE_ENTRY_BLOCK,0.6172769081797024,0.5629629629629669,VALIDATION,False,LATE_ENTRY_BLOCK
ENTRY_T1,2911,2024-10-28 04:00:00,2912,2024-10-28 08:00:00,SHORT,SHORT_CONTEXT,True,True,IMPULSE_BAR,True,DIRECTION_CHANGES_LAST10,True,LATE_ENTRY_BLOCK|CHOP_BLOCK,0.5625942730052929,-0.48468708388814785,VALIDATION,False,LATE_ENTRY_BLOCK|CHOP_BLOCK
ENTRY_T1,2912,2024-10-28 08:00:00,2913,2024-10-28 12:00:00,SHORT,SHORT_CONTEXT,True,True,IMPULSE_BAR,True,DIRECTION_CHANGES_LAST10,True,LATE_ENTRY_BLOCK|CHOP_BLOCK,0.09915925598050197,0.1649484536082524,VALIDATION,False,LATE_ENTRY_BLOCK|CHOP_BLOCK
ENTRY_T1,2933,2024-10-31 20:00:00,2934,2024-11-01 00:00:00,SHORT,SHORT_CONTEXT,True,True,MOVE5_GT_2ATR,True,EMA_SLOPES_DIFFER,True,LATE_ENTRY_BLOCK|CHOP_BLOCK,0.9642560382831519,2.3428571428571483,VALIDATION,False,LATE_ENTRY_BLOCK|CHOP_BLOCK
ENTRY_T1,2935,2024-11-01 04:00:00,2936,2024-11-01 08:00:00,SHORT,SHORT_CONTEXT,True,True,MOVE5_GT_2ATR,True,EMA_SLOPES_DIFFER,True,LATE_ENTRY_BLOCK|CHOP_BLOCK,0.640190254225623,2.269503546099294,VALIDATION,False,LATE_ENTRY_BLOCK|CHOP_BLOCK
ENTRY_T1,2936,2024-11-01 08:00:00,2937,2024-11-01 12:00:00,SHORT,SHORT_CONTEXT,True,True,IMPULSE_BAR,True,EMA_SLOPES_DIFFER,True,LATE_ENTRY_BLOCK|CHOP_BLOCK,0.015237195447545277,-0.3619441571871773,VALIDATION,False,LATE_ENTRY_BLOCK|CHOP_BLOCK
ENTRY_T1,3010,2024-11-13 16:00:00,3011,2024-11-13 20:00:00,LONG,LONG_CONTEXT,True,True,IMPULSE_BAR,True,DIRECTION_CHANGES_LAST10,True,LATE_ENTRY_BLOCK|CHOP_BLOCK,0.6000119928015671,-0.019971469329529822,VALIDATION,False,LATE_ENTRY_BLOCK|CHOP_BLOCK
ENTRY_T1,3014,2024-11-14 08:00:00,3015,2024-11-14 12:00:00,LONG,LONG_CONTEXT,True,True,IMPULSE_BAR,True,DIRECTION_CHANGES_LAST10,True,LATE_ENTRY_BLOCK|CHOP_BLOCK,0.3730431944831351,-0.7387793427230053,VALIDATION,False,LATE_ENTRY_BLOCK|CHOP_BLOCK
ENTRY_T1,3075,2024-11-24 12:00:00,3076,2024-11-24 16:00:00,LONG,LONG_CONTEXT,True,True,IMPULSE_BAR,False,,True,LATE_ENTRY_BLOCK,0.06677442665930444,-1.6031052886948098,VALIDATION,False,LATE_ENTRY_BLOCK
ENTRY_T1,3081,2024-11-25 12:00:00,3082,2024-11-25 16:00:00,LONG,LONG_CONTEXT,True,True,IMPULSE_BAR,True,DIRECTION_CHANGES_LAST10,True,LATE_ENTRY_BLOCK|CHOP_BLOCK,0.527520210319704,0.3566782307025146,VALIDATION,False,LATE_ENTRY_BLOCK|CHOP_BLOCK
ENTRY_T1,3114,2024-12-01 00:00:00,3115,2024-12-01 04:00:00,LONG,LONG_CONTEXT,True,True,IMPULSE_BAR,False,,True,LATE_ENTRY_BLOCK,0.21305857469234682,-1.7647997446944308,VALIDATION,False,LATE_ENTRY_BLOCK
ENTRY_T1,3122,2024-12-02 08:00:00,3123,2024-12-02 12:00:00,LONG,LONG_CONTEXT,True,True,IMPULSE_BAR,False,,True,LATE_ENTRY_BLOCK,0.07568177090003436,-0.01624601102407712,VALIDATION,False,LATE_ENTRY_BLOCK
ENTRY_T1,3129,2024-12-03 12:00:00,3130,2024-12-03 16:00:00,LONG,LONG_CONTEXT,True,True,IMPULSE_BAR,True,DIRECTION_CHANGES_LAST10,True,LATE_ENTRY_BLOCK|CHOP_BLOCK,0.7262349561996372,-0.2722187694220016,VALIDATION,False,LATE_ENTRY_BLOCK|CHOP_BLOCK
ENTRY_T1,3184,2024-12-12 16:00:00,3185,2024-12-12 20:00:00,LONG,LONG_CONTEXT,True,True,IMPULSE_BAR,False,,True,LATE_ENTRY_BLOCK,0.16595922108649616,0.41108671789242757,VALIDATION,False,LATE_ENTRY_BLOCK
ENTRY_T1,3274,2024-12-27 16:00:00,3275,2024-12-27 20:00:00,SHORT,SHORT_CONTEXT,True,True,IMPULSE_BAR,False,,True,LATE_ENTRY_BLOCK,0.12971634909298202,-1.2566122678671885,VALIDATION,False,LATE_ENTRY_BLOCK
ENTRY_T1,3288,2024-12-30 00:00:00,3289,2024-12-30 04:00:00,SHORT,SHORT_CONTEXT,True,True,IMPULSE_BAR,False,,True,LATE_ENTRY_BLOCK,0.6254787525135952,1.112582781456956,VALIDATION,False,LATE_ENTRY_BLOCK
ENTRY_T1,3292,2024-12-30 16:00:00,3293,2024-12-30 20:00:00,SHORT,SHORT_CONTEXT,True,True,IMPULSE_BAR,True,DIRECTION_CHANGES_LAST10,True,LATE_ENTRY_BLOCK|CHOP_BLOCK,0.40165605060363,-0.43533856437082413,VALIDATION,False,LATE_ENTRY_BLOCK|CHOP_BLOCK
ENTRY_T4,2216,2024-07-04 08:00:00,2217,2024-07-04 12:00:00,SHORT,SHORT_CONTEXT,True,True,THREE_BAR_EXTENSION,True,EMA_SLOPES_DIFFER,True,LATE_ENTRY_BLOCK|CHOP_BLOCK,1.1767804509143218,1.6901818181818191,VALIDATION,False,LATE_ENTRY_BLOCK|CHOP_BLOCK
ENTRY_T4,2224,2024-07-05 16:00:00,2225,2024-07-05 20:00:00,SHORT,SHORT_CONTEXT,True,True,DIST_EMA27_GT_1_5ATR,False,,True,LATE_ENTRY_BLOCK,1.755951505110532,0.7069486404833834,VALIDATION,False,LATE_ENTRY_BLOCK
ENTRY_T4,2472,2024-08-16 00:00:00,2473,2024-08-16 04:00:00,SHORT,SHORT_CONTEXT,True,True,MOVE5_GT_2ATR,True,DIRECTION_CHANGES_LAST10,True,LATE_ENTRY_BLOCK|CHOP_BLOCK,1.9389329686277377,2.065817409766453,VALIDATION,False,LATE_ENTRY_BLOCK|CHOP_BLOCK
ENTRY_T4,2602,2024-09-06 16:00:00,2603,2024-09-06 20:00:00,SHORT,SHORT_CONTEXT,True,True,DIST_EMA27_GT_1_5ATR,True,DIRECTION_CHANGES_LAST10,True,LATE_ENTRY_BLOCK|CHOP_BLOCK,1.558826745505511,1.474978050921863,VALIDATION,False,LATE_ENTRY_BLOCK|CHOP_BLOCK
ENTRY_T4,2709,2024-09-24 12:00:00,2710,2024-09-24 16:00:00,LONG,LONG_CONTEXT,True,True,DIST_EMA27_GT_1_5ATR,False,,True,LATE_ENTRY_BLOCK,1.9331821723867662,1.4039362699156501,VALIDATION,False,LATE_ENTRY_BLOCK
ENTRY_T4,2712,2024-09-25 00:00:00,2713,2024-09-25 04:00:00,LONG,LONG_CONTEXT,True,True,MOVE5_GT_2ATR,False,,True,LATE_ENTRY_BLOCK,3.1768624945877018,2.611764705882354,VALIDATION,False,LATE_ENTRY_BLOCK
ENTRY_T4,2934,2024-11-01 00:00:00,2935,2024-11-01 04:00:00,SHORT,SHORT_CONTEXT,True,True,MOVE5_GT_2ATR,True,EMA_SLOPES_DIFFER,True,LATE_ENTRY_BLOCK|CHOP_BLOCK,1.06080414919651,2.2017804154302714,VALIDATION,False,LATE_ENTRY_BLOCK|CHOP_BLOCK
ENTRY_T4,2948,2024-11-03 08:00:00,2949,2024-11-03 12:00:00,SHORT,SHORT_CONTEXT,True,True,MOVE5_GT_2ATR,True,EMA_SLOPES_DIFFER,True,LATE_ENTRY_BLOCK|CHOP_BLOCK,1.6562171958155973,2.4098360655737774,VALIDATION,False,LATE_ENTRY_BLOCK|CHOP_BLOCK
ENTRY_T4,2949,2024-11-03 12:00:00,2950,2024-11-03 16:00:00,SHORT,SHORT_CONTEXT,True,True,MOVE5_GT_2ATR,False,,True,LATE_ENTRY_BLOCK,1.7614912866746357,2.3104371097234675,VALIDATION,False,LATE_ENTRY_BLOCK
ENTRY_T4,2952,2024-11-04 00:00:00,2953,2024-11-04 04:00:00,SHORT,SHORT_CONTEXT,True,True,DIST_EMA27_GT_1_5ATR,False,,True,LATE_ENTRY_BLOCK,1.5588442219744663,1.0294117647058845,VALIDATION,False,LATE_ENTRY_BLOCK
ENTRY_T4,2953,2024-11-04 04:00:00,2954,2024-11-04 08:00:00,SHORT,SHORT_CONTEXT,True,True,DIST_EMA27_GT_1_5ATR,False,,True,LATE_ENTRY_BLOCK,1.8367746209995315,0.698602794411179,VALIDATION,False,LATE_ENTRY_BLOCK
ENTRY_T4,3026,2024-11-16 08:00:00,3027,2024-11-16 12:00:00,LONG,LONG_CONTEXT,True,True,MOVE5_GT_2ATR,False,,True,LATE_ENTRY_BLOCK,3.003250011903763,2.3534290271132394,VALIDATION,False,LATE_ENTRY_BLOCK
ENTRY_T4,3093,2024-11-27 12:00:00,3094,2024-11-27 16:00:00,LONG,LONG_CONTEXT,True,True,THREE_BAR_EXTENSION,True,EMA_SLOPES_DIFFER,True,LATE_ENTRY_BLOCK|CHOP_BLOCK,1.2056241385259707,1.724584103512018,VALIDATION,False,LATE_ENTRY_BLOCK|CHOP_BLOCK
ENTRY_T4,3104,2024-11-29 08:00:00,3105,2024-11-29 12:00:00,LONG,LONG_CONTEXT,True,True,MOVE5_GT_2ATR,False,,True,LATE_ENTRY_BLOCK,1.5654080520515044,2.081500426257459,VALIDATION,False,LATE_ENTRY_BLOCK
ENTRY_T4,3105,2024-11-29 12:00:00,3106,2024-11-29 16:00:00,LONG,LONG_CONTEXT,True,True,DIST_EMA27_GT_1_5ATR,False,,True,LATE_ENTRY_BLOCK,1.6776051541758377,1.7242429368973102,VALIDATION,False,LATE_ENTRY_BLOCK
ENTRY_T4,3121,2024-12-02 04:00:00,3122,2024-12-02 08:00:00,LONG,LONG_CONTEXT,True,True,DIST_EMA27_GT_1_5ATR,False,,True,LATE_ENTRY_BLOCK,1.628985618145112,1.5617529880478098,VALIDATION,False,LATE_ENTRY_BLOCK
ENTRY_T4,3266,2024-12-26 08:00:00,3267,2024-12-26 12:00:00,SHORT,SHORT_CONTEXT,True,True,DIST_EMA27_GT_1_5ATR,False,,True,LATE_ENTRY_BLOCK,1.6478812261232936,1.6686046511627923,VALIDATION,False,LATE_ENTRY_BLOCK
ENTRY_T4,3267,2024-12-26 12:00:00,3268,2024-12-26 16:00:00,SHORT,SHORT_CONTEXT,True,True,MOVE5_GT_2ATR,False,,True,LATE_ENTRY_BLOCK,1.7709610791428916,2.112104949314251,VALIDATION,False,LATE_ENTRY_BLOCK
ENTRY_T4,3268,2024-12-26 16:00:00,3269,2024-12-26 20:00:00,SHORT,SHORT_CONTEXT,True,True,MOVE5_GT_2ATR,False,,True,LATE_ENTRY_BLOCK,1.6920583992313927,2.181233557439347,VALIDATION,False,LATE_ENTRY_BLOCK
ENTRY_T4,3269,2024-12-26 20:00:00,3270,2024-12-27 00:00:00,SHORT,SHORT_CONTEXT,True,True,DIST_EMA27_GT_1_5ATR,False,,True,LATE_ENTRY_BLOCK,1.9206039800751098,1.8160158835208482,VALIDATION,False,LATE_ENTRY_BLOCK
